row_1based,architecture,input_id,result_id,changed_fields,input_question,result_question,input_criteria,result_criteria,input_truth,result_truth
116,A,KXDIMONMENTION,KXDIMONMENTION,description,What will Jamie Dimon say during America Business Forum?,What will Jamie Dimon say during America Business Forum?,"If Jamie Dimon says Zohran / Mamdani as part of America Business Forum, then the market resolves to Yes.
Video of the America Business Forum will be primarily used to resolve the market; if a consensus by Kalshi employees cannot be reached using video, transcripts of the America Business Forum will be used according to the news publications listed in the contract. The exact phrase/word, or a plural or possessive form of the phrase/word, must be used. Grammatical/tense inflections are otherwise not included. Please see full rules for more details. Previous clips or recordings aired during the event will not count. If this event is not opened for a live televised or streamed event this market will resolve to no.","If Jamie Dimon says Unemployment as part of America Business Forum, then the market resolves to Yes. Video of the America Business Forum will be primarily used to resolve the market; if a consensus by Kalshi employees cannot be reached using video, transcripts of the America Business Forum will be used according to the news publications listed in the contract. The exact phrase/word, or a plural or possessive form of the phrase/word, must be used. Grammatical/tense inflections are otherwise not included. Please see full rules for more details. Previous clips or recordings aired during the event will not count. If this event is not opened for a live televised or streamed event this market will resolve to no.",no,NO
118,A,KXADP,KXADP,description,ADP employment change in Oct 2025?,ADP employment change in Oct 2025?,"If the ADP Employment Change in Oct 2025 is above 50000, then the market resolves to Yes.","If the ADP Employment Change in Oct 2025 is above 75000, then the market resolves to Yes.",no,NO
125,A,KXIRELANDPRES,KXIRELANDPRES,description,Who will be elected President of Ireland in 2025?,Who will be elected President of Ireland in 2025?,"If Tommy Tiernan is elected President of Ireland in 2025, then the market resolves to Yes.","If Jim Gavin is elected President of Ireland in 2025, then the market resolves to Yes.",no,NO
137,A,KXAPRPOTUS,KXAPRPOTUS,question|description,Will the President's approval rating be above 44.3 according to RealClearPolitics?,Will the President's approval rating be between 44.0 and 44.3 according to RealClearPolitics?,"If the President's approval rating is above 44.3% at 11:00 AM ET on November 14, 2025 according to RealClearPolitics, then the market resolves to Yes.
The market will determine at 11:00 AM ET on November 14, 2025.","If the President's approval rating is between 44.0 and 44.3% at 11:00 AM ET on November 14, 2025 according to RealClearPolitics, then the market resolves to Yes. The market will determine at 11:00 AM ET on November 14, 2025.",no,NO
147,A,KXFLIGHTLAX,KXFLIGHTLAX,question|description,"Will there be more than 600 delays and cancellations at Los Angeles on November 13, 2025?","Will there be more than 800 delays and cancellations at Los Angeles on November 13, 2025?","If FlightAware records that the total number of delays and cancellations at Los Angeles International Airport is above 600 on November 13, 2025, then the market resolves to Yes.
Please note that at the Source Agency link, the Underlying is the sum at the top, and not the values embedded in the table below.","If FlightAware records that the total number of delays and cancellations at Los Angeles International Airport is above 800 on November 13, 2025, then the market resolves to Yes. Please note that at the Source Agency link, the Underlying is the sum at the top, and not the values embedded in the table below.",no,NO
156,A,KXOTEWALZ,KXOTEWALZ,question|description|ground_truth,Will Jeanne Shaheen vote for Mike Waltz?,Will Rand Paul vote for Mike Waltz?,"If Jeanne Shaheen votes Yea for Mike Waltz for U.S. Ambassador to the United Nations before Jan 1, 2026, then the market resolves to Yes.","If Rand Paul votes Yea for Mike Waltz for U.S. Ambassador to the United Nations before Jan 1, 2026, then the market resolves to Yes.",yes,NO
160,A,KXNFLRECYDS,KXNFLRECYDS,question|description,Tez Johnson records 60+ receiving yards,Tez Johnson records 50+ receiving yards,"If Tez Johnson records 60+ Receiving Yards in the Tampa Bay at Buffalo professional football game originally scheduled for Nov 16, 2025, then the market resolves to Yes.
The following market refers to a player in the Tampa Bay at Buffalo professional football game originally scheduled for Nov 16, 2025. If a player is active but never takes a snap, the market settles to the last fair market price before game start. Once a player takes at least one snap, even if nullified by penalty, the market settles based on Receiving Yards.","If Tez Johnson records 50+ Receiving Yards in the Tampa Bay at Buffalo professional football game originally scheduled for Nov 16, 2025, then the market resolves to Yes. The following market refers to a player in the Tampa Bay at Buffalo professional football game originally scheduled for Nov 16, 2025. If a player is active but never takes a snap, the market settles to the last fair market price before game start. Once a player takes at least one snap, even if nullified by penalty, the market settles based on Receiving Yards.",no,NO
166,A,KXDOGEDONE,KXDOGEDONE,description,When will DOGE be killed or renamed?,When will DOGE be killed or renamed?,"If the Department of Government Efficiency is re-named, dissolved, or terminated as an independent organization before Jul 1, 2025, then the market resolves to Yes.","If the Department of Government Efficiency is re-named, dissolved, or terminated as an independent organization before Sep 1, 2025, then the market resolves to Yes.",no,NO
167,A,KXIPOKLARNA,KXIPOKLARNA,description,When will Klarna IPO?,When will Klarna IPO?,"If Klarna confirms an IPO before Mar 1, 2027, then the market resolves to Yes.
An IPO is confirmed if 1) the SEC declares the company's Form S-1 effective OR 2) the IPO is priced OR 3) a securities exchange has assigned a ticker to it. As long as any of those events occur, the market will immediately resolve to Yes, even if the company does not start trading until after Mar 1, 2027.","If Klarna confirms an IPO before May 1, 2027, then the market resolves to Yes. An IPO is confirmed if 1) the SEC declares the company's Form S-1 effective OR 2) the IPO is priced OR 3) a securities exchange has assigned a ticker to it. As long as any of those events occur, the market will immediately resolve to Yes, even if the company does not start trading until after May 1, 2027.",yes,YES
174,A,KXCDASEATS,KXCDASEATS,question|description,Will Christian Democratic Appeal (CDA) win between 25 and 29 seats in 2025 Dutch general election?,Will Christian Democratic Appeal (CDA) win at least 30 seats in 2025 Dutch general election?,"If Christian Democratic Appeal (CDA) has won between 25 to 29 seats in 2025 Dutch general election, then the market resolves to Yes.
A seat is considered ""won"" when a candidate affiliated with the specified party has been declared elected by the relevant electoral authority and either the time for legal challenges has expired, challenges have been resolved, or the member has taken their seat. Party affiliation is determined by the party under whose banner the candidate was elected, regardless of subsequent changes. The count is determined when the new legislature takes their seats, even if some seats remain vacant or challenged. If the election is postponed beyond one year from the original date or cancelled entirely, the market resolves to the last fair market price. Only seats actually contested and filled are counted in partial elections. By-elections after the main election are included only if seated simultaneously with the rest of the legislature.","If Christian Democratic Appeal (CDA) has won at_least 30 seats in 2025 Dutch general election, then the market resolves to Yes. A seat is considered ""won"" when a candidate affiliated with the specified party has been declared elected by the relevant electoral authority and either the time for legal challenges has expired, challenges have been resolved, or the member has taken their seat. Party affiliation is determined by the party under whose banner the candidate was elected, regardless of subsequent changes. The count is determined when the new legislature takes their seats, even if some seats remain vacant or challenged. If the election is postponed beyond one year from the original date or cancelled entirely, the market resolves to the last fair market price. Only seats actually contested and filled are counted in partial elections. By-elections after the main election are included only if seated simultaneously with the rest of the legislature.",no,NO
182,A,KXNFLWINS-JAC,KXNFLWINS-JAC,question|description,Will the Jacksonville pro football team win more than 16 times this season?,Will the Jacksonville pro football team win more than 15 times this season?,"If the Jacksonville pro football team has more than 16 wins in the 2025-26 regular season, then the market resolves to Yes.
Ties do not count as wins.","If the Jacksonville pro football team has more than 15 wins in the 2025-26 regular season, then the market resolves to Yes. Ties do not count as wins.",no,NO
184,A,KXEPSTEINLIST,KXEPSTEINLIST,description,Who will be named in Epstein documents released in 2025?,Who will be named in Epstein documents released in 2025?,"If Tom Hanks is named in any context in any documents held by the federal government directly regarding Jeffrey Epstein and/or his crimes released before Jan 1, 2026, then the market resolves to Yes.
The context in which the subject appears does not matter for resolution. The subject is considered to appear in the documents when either the exact term, phrase, or name specified appears in the content of the documents, or the subject is present by way of commonly used abbreviation, direct synonym, or unmistakable reference including in any official appendices, footnotes, or tables. The documents must be publicly released after Issuance and before the end date. The documents directly issued and officially published by the relevant institution or entity, leaks of the documents, and media coverage by Source Agencies count, unless otherwise specified by the Exchange. If the documents are revised after publication, all publicly released versions prior to Expiration will be used. If a correction or update nullifies the appearance of the subject, the market may still resolve to Yes based on original reporting. The release time of the documents is noted to be when the documents are made available to the public either directly or through third-party media reports. If a document is heavily redacted, only visible, legible, and unambiguous references count.","If Jimmy Kimmel is named in any context in any documents held by the federal government directly regarding Jeffrey Epstein and/or his crimes released before Jan 1, 2026, then the market resolves to Yes. The context in which the subject appears does not matter for resolution. The subject is considered to appear in the documents when either the exact term, phrase, or name specified appears in the content of the documents, or the subject is present by way of commonly used abbreviation, direct synonym, or unmistakable reference including in any official appendices, footnotes, or tables. The documents must be publicly released after Issuance and before the end date. The documents directly issued and officially published by the relevant institution or entity, leaks of the documents, and media coverage by Source Agencies count, unless otherwise specified by the Exchange. If the documents are revised after publication, all publicly released versions prior to Expiration will be used. If a correction or update nullifies the appearance of the subject, the market may still resolve to Yes based on original reporting. The release time of the documents is noted to be when the documents are made available to the public either directly or through third-party media reports. If a document is heavily redacted, only visible, legible, and unambiguous references count.",yes,YES
185,A,KXNFLMENTION,KXNFLMENTION,description,What will Joe Buck and/or Troy Aikman say during Philadelphia at Green Bay pro football game commentary?,What will Joe Buck and/or Troy Aikman say during Philadelphia at Green Bay pro football game commentary?,"If Joe Buck and/or Troy Aikman says Snow / Snowing as part of Philadelphia at Green Bay pro football game commentary, then the market resolves to Yes.
Video of the Philadelphia at Green Bay pro football game commentary will be primarily used to resolve the market; if a consensus by Kalshi employees cannot be reached using video, transcripts of the Philadelphia at Green Bay pro football game commentary will be used according to the news publications listed in the contract. The exact phrase/word, or a plural or possessive form of the phrase/word, must be used. Grammatical/tense inflections are otherwise not included. Please see full rules for more details. Commentary will count once kick off has occurred and end once the game has concluded. Should the game go into overtime, the commentary will continue to count until the game has ended.","If Joe Buck and/or Troy Aikman says Wild as part of Philadelphia at Green Bay pro football game commentary, then the market resolves to Yes. Video of the Philadelphia at Green Bay pro football game commentary will be primarily used to resolve the market; if a consensus by Kalshi employees cannot be reached using video, transcripts of the Philadelphia at Green Bay pro football game commentary will be used according to the news publications listed in the contract. The exact phrase/word, or a plural or possessive form of the phrase/word, must be used. Grammatical/tense inflections are otherwise not included. Please see full rules for more details. Commentary will count once kick off has occurred and end once the game has concluded. Should the game go into overtime, the commentary will continue to count until the game has ended.",no,NO
187,A,KXRWAMCAPAVAX,KXRWAMCAPAVAX,question|description,"Will RWA market cap on Avalanche be above $600 on Jan 1, 2026?","Will RWA market cap on Avalanche be above $700 on Jan 1, 2026?","If the total RWA market cap on Avalanche is above 600 at 10:00 AM ET on Jan 1, 2026, then the market resolves to Yes.
The market measures the total market capitalization in USD of all Real World Asset tokens on the specified blockchain, including all layers, subnets, parachains, or equivalent network divisions, as calculated by DeFiLlama at 10:00 AM ET on the measurement date. If DeFiLlama data is unavailable at the specified time, the last available value will be used. The blockchain must be actively tracked by DeFiLlama with RWA data available.","If the total RWA market cap on Avalanche is above 700 at 10:00 AM ET on Jan 1, 2026, then the market resolves to Yes. The market measures the total market capitalization in USD of all Real World Asset tokens on the specified blockchain, including all layers, subnets, parachains, or equivalent network divisions, as calculated by DeFiLlama at 10:00 AM ET on the measurement date. If DeFiLlama data is unavailable at the specified time, the last available value will be used. The blockchain must be actively tracked by DeFiLlama with RWA data available.",yes,YES
194,A,KXNGUARDCITY,KXNGUARDCITY,description,What cities will Trump send the National Guard to in 2025?,What cities will Trump send the National Guard to in 2025?,"If the National Guard is deployed to Memphis before Jan 1, 2026, then the market resolves to Yes.","If the National Guard is deployed to Portland before Jan 1, 2026, then the market resolves to Yes.",yes,YES
199,A,KXNYCCOUNCIL4,KXNYCCOUNCIL4,description,Who will win the NYC City Council election in District 4?,Who will win the NYC City Council election in District 4?,"If Vanessa Aronson wins the New York City Counil race for District 4 in 2025, then the market resolves to Yes.","If Rachel Storch wins the New York City Counil race for District 4 in 2025, then the market resolves to Yes.",no,NO
201,A,KXCS2MAP,KXCS2MAP,question|description|ground_truth,Will Spirit win BLAST Rivals 2025 Season 2: Spirit vs. Vitality?,Will Vitality win BLAST Rivals 2025 Season 2: Spirit vs. Vitality?,"If Spirit wins BLAST Rivals 2025 Season 2: Spirit vs. Vitality Map 1, then the market resolves to Yes.","If Vitality wins BLAST Rivals 2025 Season 2: Spirit vs. Vitality Map 1, then the market resolves to Yes.",yes,NO
209,A,KXSHIBAD,KXSHIBAD,description,"Shiba Inu price  on Nov 16, 2025?","Shiba Inu price  on Nov 16, 2025?","If the simple average of the 60 seconds of CF Benchmarks' Shiba Inu-Dollar Spot Rate (SHIBUSD_RTI) before 5 PM EST is above 0.000017999 at 5 PM EST on Nov 16, 2025, then the market resolves to Yes.
Not all cryptocurrency price data is the same. While checking a source like Google or Coinbase may help guide your decision, the price used to determine this market is based on CF Benchmarks' corresponding Real Time Index (RTI). At the last minute before expiration, 60 RTI prices are collected. The official and final value is the average of these prices.","If the simple average of the 60 seconds of CF Benchmarks' Shiba Inu-Dollar Spot Rate (SHIBUSD_RTI) before 5 PM EST is above 0.000018499 at 5 PM EST on Nov 16, 2025, then the market resolves to Yes. Not all cryptocurrency price data is the same. While checking a source like Google or Coinbase may help guide your decision, the price used to determine this market is based on CF Benchmarks' corresponding Real Time Index (RTI). At the last minute before expiration, 60 RTI prices are collected. The official and final value is the average of these prices.",no,NO
210,A,KXCOLLEGEDROP,KXCOLLEGEDROP,question|description,Will Stanford drop in national university rankings?,Will Yale drop in national university rankings?,"If Stanford drops in the rankings, then the market resolves to Yes.
All that matters is the rank associated with the college/university -- even if a single university goes from being alone in first place to being tied for first place, that is not a drop in ranking. The 2026 Best National University Rankings are expected to be released in September 2025.","If Yale drops in the rankings, then the market resolves to Yes. All that matters is the rank associated with the college/university -- even if a single university goes from being alone in first place to being tied for first place, that is not a drop in ranking. The 2026 Best National University Rankings are expected to be released in September 2025.",no,NO
252,A,KXG7LEADEROUT,KXG7LEADEROUT,question|description|ground_truth,Will Shigeru Ishiba leave office next in this set?,Will Mark Carney leave office next in this set?,"If Shigeru Ishiba is the first leader among the above to leave office, then the market resolves to Yes.
An announcement that a leader will leave their position is not sufficient to resolve the Payout Criterion; the individual must actually leave and no longer hold the title. If any leader leaves solely because they have died, then all markets will resolve and the Exchange will determine the payouts to the holders of long and short positions based upon the last traded price (prior to the death) or another fair price.","If Mark Carney is the first leader among the above to leave office, then the market resolves to Yes. An announcement that a leader will leave their position is not sufficient to resolve the Payout Criterion; the individual must actually leave and no longer hold the title. If any leader leaves solely because they have died, then all markets will resolve and the Exchange will determine the payouts to the holders of long and short positions based upon the last traded price (prior to the death) or another fair price.",yes,NO
272,A,KXEDUCUTS,KXEDUCUTS,description,How much will the Republican reconcilliation bill cut education spending?,How much will the Republican reconcilliation bill cut education spending?,"If the first budget reconciliation bill to become law before Jan 1, 2027 cuts at least $15 billion from education spending, then the market resolves to Yes.","If the first budget reconciliation bill to become law before Jan 1, 2027 cuts at least $5 billion from education spending, then the market resolves to Yes.",yes,YES
274,A,KXTOPSONGRECORDGOLDEN,KXTOPSONGRECORDGOLDEN,description,How long will Golden be #1?,How long will Golden be #1?,"If Golden  by HUNTR/X: EJAE, Audrey Nuna & REI AMI has had the #1 spot on the Billboard Hot 100 for more than 7 consecutive weeks, then the market resolves to Yes.
**This market and these products have not been endorsed by Billboard. Any references to ""Billboard"", the ""Hot 100,"" or any other associated marks are descriptive only, and do not indicate an endorsement of this product or any affiliation between Billboard and Kalshi.** If this event occurs, or the streak ends, the market will close the following 10am ET. This market specifically encompasses the first streak Golden holds.","If Golden  by HUNTR/X: EJAE, Audrey Nuna & REI AMI has had the #1 spot on the Billboard Hot 100 for more than 6 consecutive weeks, then the market resolves to Yes. **This market and these products have not been endorsed by Billboard. Any references to ""Billboard"", the ""Hot 100,"" or any other associated marks are descriptive only, and do not indicate an endorsement of this product or any affiliation between Billboard and Kalshi.** If this event occurs, or the streak ends, the market will close the following 10am ET. This market specifically encompasses the first streak Golden holds.",no,NO
289,A,KXJUULFLAVOR,KXJUULFLAVOR,question|description,When will JUUL release Café Latte to the public?,When will JUUL release Watermelon to the public?,"If JUUL releases Café Latte to the public before Jan 1, 2027, then the market resolves to Yes.","If JUUL releases Watermelon to the public before Jan 1, 2027, then the market resolves to Yes.",no,NO
302,A,KXUECLGAME,KXUECLGAME,description|ground_truth,Shkendija Tetovo vs Jagiellonia Bialystok Winner?,Shkendija Tetovo vs Jagiellonia Bialystok Winner?,"If Shkendija Tetovo wins the Shkendija Tetovo vs Jagiellonia Bialystok professional Conference League soccer game originally scheduled for Nov 6, 2025 after 90 minutes plus stoppage time (does not include extra time or penalties), then the market resolves to Yes.
The following market refers to the Shkendija Tetovo vs Jagiellonia Bialystok professional Conference League soccer game originally scheduled for Nov 6, 2025 after 90 minutes plus stoppage time (does not include extra time or penalties). If the game ends in a tie, the market called ""Tie"" resolves to Yes. If the game is cancelled or rescheduled to over two weeks away, the market will resolve to a fair price in accordance with the rules.","If Tie wins the Shkendija Tetovo vs Jagiellonia Bialystok professional Conference League soccer game originally scheduled for Nov 6, 2025 after 90 minutes plus stoppage time (does not include extra time or penalties), then the market resolves to Yes. The following market refers to the Shkendija Tetovo vs Jagiellonia Bialystok professional Conference League soccer game originally scheduled for Nov 6, 2025 after 90 minutes plus stoppage time (does not include extra time or penalties). If the game ends in a tie, the market called ""Tie"" resolves to Yes. If the game is cancelled or rescheduled to over two weeks away, the market will resolve to a fair price in accordance with the rules.",no,YES
305,A,KXNEWCOINCHAIN,KXNEWCOINCHAIN,description|ground_truth,What chain will Kanye launch his token on?,What chain will Kanye launch his token on?,"If Kanye West launches a digital asset on No asset before ||nDate ||, then the market resolves to Yes.","If Kanye West launches a digital asset on Solana before ||nDate ||, then the market resolves to Yes.",no,YES
309,A,KXRECOGPALESTINE,KXRECOGPALESTINE,description,Who will recognize Palestine?,Who will recognize Palestine?,"If United Kingdom recognizes Palestine before Dec 31, 2025, then the market resolves to Yes.","If Canada recognizes Palestine before Dec 31, 2025, then the market resolves to Yes.",yes,YES
321,A,KXDUTCHSECOND,KXDUTCHSECOND,question|description,Will Party for Freedom finish 2nd in the Netherlands?,Will People's Party for Freedom and Democracy finish 2nd in the Netherlands?,"If Party for Freedom finishes in 2nd place in 2025 Dutch general election in the Netherlands according to the certified results, then the market resolves to Yes.
Ranking is determined by the specified counting method. For plurality voting: rank is based on vote count or percentage. For ranked choice voting: rank is determined by elimination order (runner-up is eliminated in final round for second place). For two-round systems: rank is based on final round results if it proceeds to second round, otherwise first-round totals. For proportional representation: rank follows the electoral authority's final seat allocation order. In case of exact ties, markets resolve proportionally (1/number of tied entities). Write-in candidates achieving the specified rank resolve all named candidate markets to No unless a specific ""Write-in"" or ""Other"" option exists. Candidates who withdraw or are disqualified after the filing deadline but remain on the ballot are ranked based on votes received. If the election is cancelled or postponed beyond expiration, all markets resolve to No.","If People's Party for Freedom and Democracy finishes in 2nd place in 2025 Dutch general election in the Netherlands according to the certified results, then the market resolves to Yes. Ranking is determined by the specified counting method. For plurality voting: rank is based on vote count or percentage. For ranked choice voting: rank is determined by elimination order (runner-up is eliminated in final round for second place). For two-round systems: rank is based on final round results if it proceeds to second round, otherwise first-round totals. For proportional representation: rank follows the electoral authority's final seat allocation order. In case of exact ties, markets resolve proportionally (1/number of tied entities). Write-in candidates achieving the specified rank resolve all named candidate markets to No unless a specific ""Write-in"" or ""Other"" option exists. Candidates who withdraw or are disqualified after the filing deadline but remain on the ballot are ranked based on votes received. If the election is cancelled or postponed beyond expiration, all markets resolve to No.",no,NO
328,A,KXQBIDEDUCT,KXQBIDEDUCT,description|ground_truth,What will the qualified business income (QBI) deduction be in the Republican reconciliation bill?,What will the qualified business income (QBI) deduction be in the Republican reconciliation bill?,"If the first budget reconciliation bill to become law before Jan 1, 2027 sets the qualified business income (QBI) deudction to be at least 5%, then the market resolves to Yes.","If the first budget reconciliation bill to become law before Jan 1, 2027 sets the qualified business income (QBI) deudction to be at least 25%, then the market resolves to Yes.",yes,NO
329,A,KXEULEADEROUT,KXEULEADEROUT,question|description,Will Micheál Martin leave office next in this set?,Will Ulf Kristersson leave office next in this set?,"If the Taoiseach is the first leader among the above to leave office, then the market resolves to Yes.
An announcement that a leader will leave their position is not sufficient to resolve the Payout Criterion; the individual must actually leave and no longer hold the title. If any leader leaves solely because they have died, then all markets will resolve and the Exchange will determine the payouts to the holders of long and short positions based upon the last traded price (prior to the death) or another fair price.","If the Prime Minister of Sweden is the first leader among the above to leave office, then the market resolves to Yes. An announcement that a leader will leave their position is not sufficient to resolve the Payout Criterion; the individual must actually leave and no longer hold the title. If any leader leaves solely because they have died, then all markets will resolve and the Exchange will determine the payouts to the holders of long and short positions based upon the last traded price (prior to the death) or another fair price.",no,NO
330,A,KXSPOTIFYSONGSTFOO,KXSPOTIFYSONGSTFOO,description,"The Fate of Ophelia streams by Nov 7, 2025?","The Fate of Ophelia streams by Nov 7, 2025?","If The Fate of Ophelia  by Taylor Swift  has above 395 million million total streams on Spotify by Nov 7, 2025 at 10 AM ET, then the market resolves to Yes.
Total stream count will be determined using the Spotify desktop app at 10 AM ET, based on the exact number displayed at that time. Any updates or changes after 10 AM ET will NOT be considered.","If The Fate of Ophelia  by Taylor Swift  has above 400 million million total streams on Spotify by Nov 7, 2025 at 10 AM ET, then the market resolves to Yes. Total stream count will be determined using the Spotify desktop app at 10 AM ET, based on the exact number displayed at that time. Any updates or changes after 10 AM ET will NOT be considered.",yes,YES
358,A,KXUSELECTIONARIZONA7,KXUSELECTIONARIZONA7,question|description|ground_truth,"Who will win Arizona's 7th Congressional District special election, 2025?",Which party will win Arizona's 7th Congressional District special election?,"If the Democratic Party wins Arizona's 7th Congressional District special election in 2025, then the market resolves to Yes.","If the Republican Party wins Arizona's 7th Congressional District special election in 2025, then the market resolves to Yes.",yes,NO
366,A,KXTOPALBUMRECORDMBF,KXTOPALBUMRECORDMBF,description,How many straight weeks will Man's Best Friend be #1?,How many straight weeks will Man's Best Friend be #1?,"If Man's Best Friend has had the #1 spot on the Billboard 200 for more than 7 consecutive weeks, then the market resolves to Yes.
**This market and these products have not been endorsed by Billboard. Any references to ""Billboard"", the ""Hot 100,"" or any other associated marks are descriptive only, and do not indicate an endorsement of this product or any affiliation between Billboard and Kalshi.** If this event occurs, or the streak ends, the market will close the following 10am ET. This market specifically encompasses the first streak Man's Best Friend holds.","If Man's Best Friend has had the #1 spot on the Billboard 200 for more than 8 consecutive weeks, then the market resolves to Yes. **This market and these products have not been endorsed by Billboard. Any references to ""Billboard"", the ""Hot 100,"" or any other associated marks are descriptive only, and do not indicate an endorsement of this product or any affiliation between Billboard and Kalshi.** If this event occurs, or the streak ends, the market will close the following 10am ET. This market specifically encompasses the first streak Man's Best Friend holds.",no,NO
397,A,KXVSFANTASYBRA,KXVSFANTASYBRA,question|description,Will Suni Lee wear a bra designated by Victoria’s Secret as the “Fantasy Bra” during Victoria's Secret Fashion Show 2025?,Will Barbie Ferreira wear a bra designated by Victoria’s Secret as the “Fantasy Bra” during Victoria's Secret Fashion Show 2025?,"If Suni Lee is documented wearing a bra designated by Victoria’s Secret as the “Fantasy Bra” during Victoria's Secret Fashion Show 2025, then the market resolves to Yes.
The person must be photographed or video recorded with the article of clothing visibly worn on their body as intended (e.g., a jacket on the torso, not carried or draped). Valid documentation includes official event photography, live television coverage, professional photography from Source Agencies, or video footage from Source Agencies. The person must be clearly identifiable. Carrying, holding, or draping the item without properly wearing it does not qualify. Similar but not identical items do not satisfy the criterion. Documentation where the person cannot be clearly identified does not count toward resolution. Each year, Victoria’s Secret typically designates one bra as the “Fantasy Bra” for its annual Fashion Show. The bra may also be given a unique name (e.g., “Royal Fantasy Bra,” “Champagne Nights Fantasy Bra”) in press releases or media coverage. For the purposes of this market, “Fantasy Bra” refers only to a bra that Victoria’s Secret explicitly refers to as the “Fantasy Bra,” regardless of its specific title. If no bra is designated as the Fantasy Bra for that year, all outcomes resolve to “No.” If more than one Fantasy Bra is designated, each wearer will be treated as a separate valid outcome. The Victoria's Secret Fashion Show is scheduled to take place on Wednesday, October 15, 2025.","If Barbie Ferreira is documented wearing a bra designated by Victoria’s Secret as the “Fantasy Bra” during Victoria's Secret Fashion Show 2025, then the market resolves to Yes. The person must be photographed or video recorded with the article of clothing visibly worn on their body as intended (e.g., a jacket on the torso, not carried or draped). Valid documentation includes official event photography, live television coverage, professional photography from Source Agencies, or video footage from Source Agencies. The person must be clearly identifiable. Carrying, holding, or draping the item without properly wearing it does not qualify. Similar but not identical items do not satisfy the criterion. Documentation where the person cannot be clearly identified does not count toward resolution. Each year, Victoria’s Secret typically designates one bra as the “Fantasy Bra” for its annual Fashion Show. The bra may also be given a unique name (e.g., “Royal Fantasy Bra,” “Champagne Nights Fantasy Bra”) in press releases or media coverage. For the purposes of this market, “Fantasy Bra” refers only to a bra that Victoria’s Secret explicitly refers to as the “Fantasy Bra,” regardless of its specific title. If no bra is designated as the Fantasy Bra for that year, all outcomes resolve to “No.” If more than one Fantasy Bra is designated, each wearer will be treated as a separate valid outcome. The Victoria's Secret Fashion Show is scheduled to take place on Wednesday, October 15, 2025.",no,NO
400,A,KXSWIFTMENTION,KXSWIFTMENTION,description|ground_truth,What will Taylor Swift say during New Heights Show?,What will Taylor Swift say during New Heights Show?,"If Taylor Swift says Next Year as part of New Heights Show, then the market resolves to Yes.
Video of the New Heights Show will be primarily used to resolve the market; if a consensus by Kalshi employees cannot be reached using video, transcripts of the New Heights Show will be used according to the news publications listed in the contract. The exact phrase/word, or a plural or possessive form of the phrase/word, must be used. Grammatical/tense inflections are otherwise not included. Please see full rules for more details.","If Taylor Swift says This Week as part of New Heights Show, then the market resolves to Yes. Video of the New Heights Show will be primarily used to resolve the market; if a consensus by Kalshi employees cannot be reached using video, transcripts of the New Heights Show will be used according to the news publications listed in the contract. The exact phrase/word, or a plural or possessive form of the phrase/word, must be used. Grammatical/tense inflections are otherwise not included. Please see full rules for more details.",no,YES
405,A,KXCHANCELLOR,KXCHANCELLOR,description,Will  win the German Chancellorship?,Will  win the German Chancellorship?,"If the first Chancellor for the next session of Parliament is a member of Greens, then the market resolves to Yes.","If the first Chancellor for the next session of Parliament is a member of Left, then the market resolves to Yes.",no,NO
