a_csv_row_1based,b_csv_row_1based,a_row_uid,b_row_uid,question_text,a_criteria,b_criteria,truth
117,117,row0016_KXDIMONMENTION_70908ba831c9,row0116_KXDIMONMENTION_381606e7bd9c,What will Jamie Dimon say during America Business Forum?,"If Jamie Dimon says Unemployment as part of America Business Forum, then the market resolves to Yes. Video of the America Business Forum will be primarily used to resolve the market; if a consensus by Kalshi employees cannot be reached using video, transcripts of the America Business Forum will be used according to the news publications listed in the contract. The exact phrase/word, or a plural or possessive form of the phrase/word, must be used. Grammatical/tense inflections are otherwise not included. Please see full rules for more details. Previous clips or recordings aired during the event will not count. If this event is not opened for a live televised or streamed event this market will resolve to no.","If Jamie Dimon says Zohran / Mamdani as part of America Business Forum, then the market resolves to Yes. Video of the America Business Forum will be primarily used to resolve the market; if a consensus by Kalshi employees cannot be reached using video, transcripts of the America Business Forum will be used according to the news publications listed in the contract. The exact phrase/word, or a plural or possessive form of the phrase/word, must be used. Grammatical/tense inflections are otherwise not included. Please see full rules for more details. Previous clips or recordings aired during the event will not count. If this event is not opened for a live televised or streamed event this market will resolve to no.",NO
119,119,row0018_KXADP_d76bc71aebd6,row0118_KXADP_650747738be0,ADP employment change in Oct 2025?,"If the ADP Employment Change in Oct 2025 is above 75000, then the market resolves to Yes.","If the ADP Employment Change in Oct 2025 is above 50000, then the market resolves to Yes.",NO
126,126,row0025_KXIRELANDPRES_d79d0f81743a,row0125_KXIRELANDPRES_2969d86191da,Who will be elected President of Ireland in 2025?,"If Jim Gavin is elected President of Ireland in 2025, then the market resolves to Yes.","If Tommy Tiernan is elected President of Ireland in 2025, then the market resolves to Yes.",NO
167,167,row0066_KXDOGEDONE_d44dcea20378,row0166_KXDOGEDONE_2842ea59876b,When will DOGE be killed or renamed?,"If the Department of Government Efficiency is re-named, dissolved, or terminated as an independent organization before Sep 1, 2025, then the market resolves to Yes.","If the Department of Government Efficiency is re-named, dissolved, or terminated as an independent organization before Jul 1, 2025, then the market resolves to Yes.",NO
168,168,row0067_KXIPOKLARNA_9c4632a56ae6,row0167_KXIPOKLARNA_8f9531f71675,When will Klarna IPO?,"If Klarna confirms an IPO before May 1, 2027, then the market resolves to Yes. An IPO is confirmed if 1) the SEC declares the company's Form S-1 effective OR 2) the IPO is priced OR 3) a securities exchange has assigned a ticker to it. As long as any of those events occur, the market will immediately resolve to Yes, even if the company does not start trading until after May 1, 2027.","If Klarna confirms an IPO before Mar 1, 2027, then the market resolves to Yes. An IPO is confirmed if 1) the SEC declares the company's Form S-1 effective OR 2) the IPO is priced OR 3) a securities exchange has assigned a ticker to it. As long as any of those events occur, the market will immediately resolve to Yes, even if the company does not start trading until after Mar 1, 2027.",YES
185,185,row0084_KXEPSTEINLIST_1a005e745c50,row0184_KXEPSTEINLIST_b3148087c927,Who will be named in Epstein documents released in 2025?,"If Jimmy Kimmel is named in any context in any documents held by the federal government directly regarding Jeffrey Epstein and/or his crimes released before Jan 1, 2026, then the market resolves to Yes. The context in which the subject appears does not matter for resolution. The subject is considered to appear in the documents when either the exact term, phrase, or name specified appears in the content of the documents, or the subject is present by way of commonly used abbreviation, direct synonym, or unmistakable reference including in any official appendices, footnotes, or tables. The documents must be publicly released after Issuance and before the end date. The documents directly issued and officially published by the relevant institution or entity, leaks of the documents, and media coverage by Source Agencies count, unless otherwise specified by the Exchange. If the documents are revised after publication, all publicly released versions prior to Expiration will be used. If a correction or update nullifies the appearance of the subject, the market may still resolve to Yes based on original reporting. The release time of the documents is noted to be when the documents are made available to the public either directly or through third-party media reports. If a document is heavily redacted, only visible, legible, and unambiguous references count.","If Tom Hanks is named in any context in any documents held by the federal government directly regarding Jeffrey Epstein and/or his crimes released before Jan 1, 2026, then the market resolves to Yes. The context in which the subject appears does not matter for resolution. The subject is considered to appear in the documents when either the exact term, phrase, or name specified appears in the content of the documents, or the subject is present by way of commonly used abbreviation, direct synonym, or unmistakable reference including in any official appendices, footnotes, or tables. The documents must be publicly released after Issuance and before the end date. The documents directly issued and officially published by the relevant institution or entity, leaks of the documents, and media coverage by Source Agencies count, unless otherwise specified by the Exchange. If the documents are revised after publication, all publicly released versions prior to Expiration will be used. If a correction or update nullifies the appearance of the subject, the market may still resolve to Yes based on original reporting. The release time of the documents is noted to be when the documents are made available to the public either directly or through third-party media reports. If a document is heavily redacted, only visible, legible, and unambiguous references count.",YES
186,186,row0085_KXNFLMENTION_5b114af005cd,row0185_KXNFLMENTION_f77237adb126,What will Joe Buck and/or Troy Aikman say during Philadelphia at Green Bay pro football game commentary?,"If Joe Buck and/or Troy Aikman says Wild as part of Philadelphia at Green Bay pro football game commentary, then the market resolves to Yes. Video of the Philadelphia at Green Bay pro football game commentary will be primarily used to resolve the market; if a consensus by Kalshi employees cannot be reached using video, transcripts of the Philadelphia at Green Bay pro football game commentary will be used according to the news publications listed in the contract. The exact phrase/word, or a plural or possessive form of the phrase/word, must be used. Grammatical/tense inflections are otherwise not included. Please see full rules for more details. Commentary will count once kick off has occurred and end once the game has concluded. Should the game go into overtime, the commentary will continue to count until the game has ended.","If Joe Buck and/or Troy Aikman says Snow / Snowing as part of Philadelphia at Green Bay pro football game commentary, then the market resolves to Yes. Video of the Philadelphia at Green Bay pro football game commentary will be primarily used to resolve the market; if a consensus by Kalshi employees cannot be reached using video, transcripts of the Philadelphia at Green Bay pro football game commentary will be used according to the news publications listed in the contract. The exact phrase/word, or a plural or possessive form of the phrase/word, must be used. Grammatical/tense inflections are otherwise not included. Please see full rules for more details. Commentary will count once kick off has occurred and end once the game has concluded. Should the game go into overtime, the commentary will continue to count until the game has ended.",NO
195,195,row0094_KXNGUARDCITY_7a61ef489327,row0194_KXNGUARDCITY_862354794cf5,What cities will Trump send the National Guard to in 2025?,"If the National Guard is deployed to Portland before Jan 1, 2026, then the market resolves to Yes.","If the National Guard is deployed to Memphis before Jan 1, 2026, then the market resolves to Yes.",YES
200,200,row0099_KXNYCCOUNCIL4_ced7a57437fa,row0199_KXNYCCOUNCIL4_2112b616b269,Who will win the NYC City Council election in District 4?,"If Rachel Storch wins the New York City Counil race for District 4 in 2025, then the market resolves to Yes.","If Vanessa Aronson wins the New York City Counil race for District 4 in 2025, then the market resolves to Yes.",NO
210,210,row0009_KXSHIBAD_d4c79cb87afd,row0209_KXSHIBAD_096c31961fed,"Shiba Inu price  on Nov 16, 2025?","If the simple average of the 60 seconds of CF Benchmarks' Shiba Inu-Dollar Spot Rate (SHIBUSD_RTI) before 5 PM EST is above 0.000018499 at 5 PM EST on Nov 16, 2025, then the market resolves to Yes. Not all cryptocurrency price data is the same. While checking a source like Google or Coinbase may help guide your decision, the price used to determine this market is based on CF Benchmarks' corresponding Real Time Index (RTI). At the last minute before expiration, 60 RTI prices are collected. The official and final value is the average of these prices.","If the simple average of the 60 seconds of CF Benchmarks' Shiba Inu-Dollar Spot Rate (SHIBUSD_RTI) before 5 PM EST is above 0.000017999 at 5 PM EST on Nov 16, 2025, then the market resolves to Yes. Not all cryptocurrency price data is the same. While checking a source like Google or Coinbase may help guide your decision, the price used to determine this market is based on CF Benchmarks' corresponding Real Time Index (RTI). At the last minute before expiration, 60 RTI prices are collected. The official and final value is the average of these prices.",NO
273,273,row0072_KXEDUCUTS_623a11191b37,row0272_KXEDUCUTS_d0361484b58c,How much will the Republican reconcilliation bill cut education spending?,"If the first budget reconciliation bill to become law before Jan 1, 2027 cuts at least $5 billion from education spending, then the market resolves to Yes.","If the first budget reconciliation bill to become law before Jan 1, 2027 cuts at least $15 billion from education spending, then the market resolves to Yes.",YES
275,275,row0074_KXTOPSONGRECORDGOLDEN_bc90b5d0955b,row0274_KXTOPSONGRECORDGOLDEN_8e2b52498482,How long will Golden be #1?,"If Golden  by HUNTR/X: EJAE, Audrey Nuna & REI AMI has had the #1 spot on the Billboard Hot 100 for more than 6 consecutive weeks, then the market resolves to Yes. **This market and these products have not been endorsed by Billboard. Any references to ""Billboard"", the ""Hot 100,"" or any other associated marks are descriptive only, and do not indicate an endorsement of this product or any affiliation between Billboard and Kalshi.** If this event occurs, or the streak ends, the market will close the following 10am ET. This market specifically encompasses the first streak Golden holds.","If Golden  by HUNTR/X: EJAE, Audrey Nuna & REI AMI has had the #1 spot on the Billboard Hot 100 for more than 7 consecutive weeks, then the market resolves to Yes. **This market and these products have not been endorsed by Billboard. Any references to ""Billboard"", the ""Hot 100,"" or any other associated marks are descriptive only, and do not indicate an endorsement of this product or any affiliation between Billboard and Kalshi.** If this event occurs, or the streak ends, the market will close the following 10am ET. This market specifically encompasses the first streak Golden holds.",NO
310,310,row0009_KXRECOGPALESTINE_6bb2a615a394,row0309_KXRECOGPALESTINE_4b5746f6ef92,Who will recognize Palestine?,"If Canada recognizes Palestine before Dec 31, 2025, then the market resolves to Yes.","If United Kingdom recognizes Palestine before Dec 31, 2025, then the market resolves to Yes.",YES
331,331,row0030_KXSPOTIFYSONGSTFOO_210f2881da37,row0330_KXSPOTIFYSONGSTFOO_f54d23c0484d,"The Fate of Ophelia streams by Nov 7, 2025?","If The Fate of Ophelia  by Taylor Swift  has above 400 million million total streams on Spotify by Nov 7, 2025 at 10 AM ET, then the market resolves to Yes. Total stream count will be determined using the Spotify desktop app at 10 AM ET, based on the exact number displayed at that time. Any updates or changes after 10 AM ET will NOT be considered.","If The Fate of Ophelia  by Taylor Swift  has above 395 million million total streams on Spotify by Nov 7, 2025 at 10 AM ET, then the market resolves to Yes. Total stream count will be determined using the Spotify desktop app at 10 AM ET, based on the exact number displayed at that time. Any updates or changes after 10 AM ET will NOT be considered.",YES
367,367,row0066_KXTOPALBUMRECORDMBF_3f630426d8b6,row0366_KXTOPALBUMRECORDMBF_3e1d32c37934,How many straight weeks will Man's Best Friend be #1?,"If Man's Best Friend has had the #1 spot on the Billboard 200 for more than 8 consecutive weeks, then the market resolves to Yes. **This market and these products have not been endorsed by Billboard. Any references to ""Billboard"", the ""Hot 100,"" or any other associated marks are descriptive only, and do not indicate an endorsement of this product or any affiliation between Billboard and Kalshi.** If this event occurs, or the streak ends, the market will close the following 10am ET. This market specifically encompasses the first streak Man's Best Friend holds.","If Man's Best Friend has had the #1 spot on the Billboard 200 for more than 7 consecutive weeks, then the market resolves to Yes. **This market and these products have not been endorsed by Billboard. Any references to ""Billboard"", the ""Hot 100,"" or any other associated marks are descriptive only, and do not indicate an endorsement of this product or any affiliation between Billboard and Kalshi.** If this event occurs, or the streak ends, the market will close the following 10am ET. This market specifically encompasses the first streak Man's Best Friend holds.",NO
406,406,row0005_KXCHANCELLOR_a12991199d69,row0405_KXCHANCELLOR_f316f7b18fd8,Will  win the German Chancellorship?,"If the first Chancellor for the next session of Parliament is a member of Left, then the market resolves to Yes.","If the first Chancellor for the next session of Parliament is a member of Greens, then the market resolves to Yes.",NO
