rank,fraction_auto_resolved,architecture_a_accuracy,architecture_b_accuracy,accuracy_gap_a_minus_b
1,0.0008410428931875525,1.0,1.0,0.0
2,0.001682085786375105,1.0,1.0,0.0
3,0.002523128679562658,1.0,1.0,0.0
4,0.00336417157275021,1.0,1.0,0.0
5,0.004205214465937763,1.0,1.0,0.0
6,0.005046257359125316,1.0,1.0,0.0
7,0.005887300252312868,1.0,1.0,0.0
8,0.00672834314550042,1.0,1.0,0.0
9,0.007569386038687973,1.0,1.0,0.0
10,0.008410428931875526,1.0,1.0,0.0
11,0.009251471825063078,1.0,1.0,0.0
12,0.010092514718250631,1.0,1.0,0.0
13,0.010933557611438183,1.0,1.0,0.0
14,0.011774600504625737,1.0,1.0,0.0
15,0.012615643397813289,1.0,1.0,0.0
16,0.01345668629100084,1.0,1.0,0.0
17,0.014297729184188394,1.0,1.0,0.0
18,0.015138772077375946,1.0,1.0,0.0
19,0.0159798149705635,1.0,1.0,0.0
20,0.01682085786375105,1.0,1.0,0.0
21,0.017661900756938603,1.0,1.0,0.0
22,0.018502943650126155,1.0,1.0,0.0
23,0.01934398654331371,1.0,1.0,0.0
24,0.020185029436501262,1.0,1.0,0.0
25,0.021026072329688814,1.0,1.0,0.0
26,0.021867115222876366,1.0,1.0,0.0
27,0.022708158116063918,1.0,1.0,0.0
28,0.023549201009251473,1.0,1.0,0.0
29,0.024390243902439025,1.0,1.0,0.0
30,0.025231286795626577,1.0,1.0,0.0
31,0.02607232968881413,1.0,1.0,0.0
32,0.02691337258200168,1.0,1.0,0.0
33,0.027754415475189236,1.0,1.0,0.0
34,0.028595458368376788,1.0,1.0,0.0
35,0.02943650126156434,1.0,1.0,0.0
36,0.030277544154751892,1.0,1.0,0.0
37,0.031118587047939444,1.0,1.0,0.0
38,0.031959629941127,1.0,1.0,0.0
39,0.03280067283431455,1.0,1.0,0.0
40,0.0336417157275021,1.0,1.0,0.0
41,0.034482758620689655,1.0,1.0,0.0
42,0.03532380151387721,1.0,1.0,0.0
43,0.03616484440706476,1.0,1.0,0.0
44,0.03700588730025231,1.0,1.0,0.0
45,0.03784693019343986,1.0,1.0,0.0
46,0.03868797308662742,1.0,1.0,0.0
47,0.03952901597981497,1.0,1.0,0.0
48,0.040370058873002525,1.0,1.0,0.0
49,0.04121110176619008,1.0,1.0,0.0
50,0.04205214465937763,1.0,1.0,0.0
51,0.04289318755256518,1.0,1.0,0.0
52,0.04373423044575273,1.0,1.0,0.0
53,0.044575273338940284,1.0,1.0,0.0
54,0.045416316232127836,1.0,1.0,0.0
55,0.04625735912531539,1.0,1.0,0.0
56,0.04709840201850295,1.0,1.0,0.0
57,0.0479394449116905,1.0,1.0,0.0
58,0.04878048780487805,1.0,1.0,0.0
59,0.0496215306980656,1.0,1.0,0.0
60,0.050462573591253154,1.0,1.0,0.0
61,0.051303616484440706,1.0,1.0,0.0
62,0.05214465937762826,1.0,1.0,0.0
63,0.05298570227081581,1.0,1.0,0.0
64,0.05382674516400336,1.0,1.0,0.0
65,0.054667788057190914,1.0,1.0,0.0
66,0.05550883095037847,1.0,1.0,0.0
67,0.056349873843566024,1.0,1.0,0.0
68,0.057190916736753576,1.0,1.0,0.0
69,0.05803195962994113,1.0,1.0,0.0
70,0.05887300252312868,1.0,1.0,0.0
71,0.05971404541631623,1.0,1.0,0.0
72,0.060555088309503784,1.0,1.0,0.0
73,0.061396131202691336,1.0,1.0,0.0
74,0.06223717409587889,1.0,1.0,0.0
75,0.06307821698906645,1.0,1.0,0.0
76,0.063919259882254,1.0,1.0,0.0
77,0.06476030277544155,1.0,1.0,0.0
78,0.0656013456686291,1.0,1.0,0.0
79,0.06644238856181665,1.0,1.0,0.0
80,0.0672834314550042,1.0,1.0,0.0
81,0.06812447434819176,1.0,1.0,0.0
82,0.06896551724137931,1.0,1.0,0.0
83,0.06980656013456686,1.0,1.0,0.0
84,0.07064760302775441,1.0,1.0,0.0
85,0.07148864592094197,1.0,1.0,0.0
86,0.07232968881412952,1.0,1.0,0.0
87,0.07317073170731707,1.0,1.0,0.0
88,0.07401177460050462,1.0,1.0,0.0
89,0.07485281749369217,1.0,1.0,0.0
90,0.07569386038687972,1.0,1.0,0.0
91,0.07653490328006729,1.0,1.0,0.0
92,0.07737594617325484,1.0,1.0,0.0
93,0.0782169890664424,1.0,1.0,0.0
94,0.07905803195962995,1.0,1.0,0.0
95,0.0798990748528175,1.0,1.0,0.0
96,0.08074011774600505,1.0,1.0,0.0
97,0.0815811606391926,1.0,1.0,0.0
98,0.08242220353238015,1.0,1.0,0.0
99,0.0832632464255677,1.0,1.0,0.0
100,0.08410428931875526,1.0,1.0,0.0
101,0.08494533221194281,1.0,1.0,0.0
102,0.08578637510513036,1.0,1.0,0.0
103,0.08662741799831791,1.0,1.0,0.0
104,0.08746846089150546,1.0,1.0,0.0
105,0.08830950378469302,1.0,1.0,0.0
106,0.08915054667788057,1.0,1.0,0.0
107,0.08999158957106812,1.0,1.0,0.0
108,0.09083263246425567,1.0,1.0,0.0
109,0.09167367535744322,1.0,1.0,0.0
110,0.09251471825063078,1.0,1.0,0.0
111,0.09335576114381834,1.0,1.0,0.0
112,0.0941968040370059,1.0,1.0,0.0
113,0.09503784693019345,1.0,1.0,0.0
114,0.095878889823381,1.0,1.0,0.0
115,0.09671993271656855,1.0,1.0,0.0
116,0.0975609756097561,1.0,1.0,0.0
117,0.09840201850294365,1.0,1.0,0.0
118,0.0992430613961312,1.0,1.0,0.0
119,0.10008410428931876,1.0,1.0,0.0
120,0.10092514718250631,1.0,1.0,0.0
121,0.10176619007569386,1.0,1.0,0.0
122,0.10260723296888141,1.0,1.0,0.0
123,0.10344827586206896,1.0,1.0,0.0
124,0.10428931875525652,1.0,1.0,0.0
125,0.10513036164844407,1.0,1.0,0.0
126,0.10597140454163162,1.0,1.0,0.0
127,0.10681244743481917,1.0,1.0,0.0
128,0.10765349032800672,1.0,1.0,0.0
129,0.10849453322119428,1.0,1.0,0.0
130,0.10933557611438183,1.0,1.0,0.0
131,0.11017661900756939,1.0,1.0,0.0
132,0.11101766190075694,1.0,1.0,0.0
133,0.1118587047939445,1.0,1.0,0.0
134,0.11269974768713205,1.0,1.0,0.0
135,0.1135407905803196,1.0,1.0,0.0
136,0.11438183347350715,1.0,1.0,0.0
137,0.1152228763666947,1.0,1.0,0.0
138,0.11606391925988226,1.0,1.0,0.0
139,0.11690496215306981,1.0,1.0,0.0
140,0.11774600504625736,1.0,1.0,0.0
141,0.11858704793944491,1.0,1.0,0.0
142,0.11942809083263246,1.0,1.0,0.0
143,0.12026913372582002,1.0,1.0,0.0
144,0.12111017661900757,1.0,1.0,0.0
145,0.12195121951219512,1.0,1.0,0.0
146,0.12279226240538267,1.0,1.0,0.0
147,0.12363330529857022,1.0,1.0,0.0
148,0.12447434819175777,1.0,1.0,0.0
149,0.12531539108494533,1.0,1.0,0.0
150,0.1261564339781329,1.0,1.0,0.0
151,0.12699747687132043,1.0,1.0,0.0
152,0.127838519764508,1.0,1.0,0.0
153,0.12867956265769553,1.0,1.0,0.0
154,0.1295206055508831,1.0,1.0,0.0
155,0.13036164844407064,1.0,1.0,0.0
156,0.1312026913372582,1.0,1.0,0.0
157,0.13204373423044574,1.0,1.0,0.0
158,0.1328847771236333,1.0,1.0,0.0
159,0.13372582001682085,1.0,1.0,0.0
160,0.1345668629100084,1.0,1.0,0.0
161,0.13540790580319595,1.0,1.0,0.0
162,0.13624894869638352,1.0,1.0,0.0
163,0.13708999158957108,1.0,1.0,0.0
164,0.13793103448275862,1.0,1.0,0.0
165,0.13877207737594618,1.0,1.0,0.0
166,0.13961312026913372,1.0,1.0,0.0
167,0.1404541631623213,1.0,1.0,0.0
168,0.14129520605550883,1.0,1.0,0.0
169,0.1421362489486964,1.0,1.0,0.0
170,0.14297729184188393,1.0,1.0,0.0
171,0.1438183347350715,1.0,1.0,0.0
172,0.14465937762825903,1.0,1.0,0.0
173,0.1455004205214466,1.0,1.0,0.0
174,0.14634146341463414,1.0,1.0,0.0
175,0.1471825063078217,1.0,1.0,0.0
176,0.14802354920100924,1.0,1.0,0.0
177,0.1488645920941968,1.0,1.0,0.0
178,0.14970563498738435,1.0,1.0,0.0
179,0.1505466778805719,1.0,1.0,0.0
180,0.15138772077375945,1.0,1.0,0.0
181,0.15222876366694701,1.0,1.0,0.0
182,0.15306980656013458,1.0,1.0,0.0
183,0.15391084945332212,1.0,1.0,0.0
184,0.15475189234650968,1.0,1.0,0.0
185,0.15559293523969722,1.0,1.0,0.0
186,0.1564339781328848,1.0,1.0,0.0
187,0.15727502102607233,1.0,1.0,0.0
188,0.1581160639192599,1.0,1.0,0.0
189,0.15895710681244743,1.0,1.0,0.0
190,0.159798149705635,1.0,1.0,0.0
191,0.16063919259882253,1.0,1.0,0.0
192,0.1614802354920101,1.0,1.0,0.0
193,0.16232127838519764,1.0,1.0,0.0
194,0.1631623212783852,1.0,1.0,0.0
195,0.16400336417157274,1.0,1.0,0.0
196,0.1648444070647603,1.0,1.0,0.0
197,0.16568544995794784,1.0,1.0,0.0
198,0.1665264928511354,1.0,1.0,0.0
199,0.16736753574432295,1.0,1.0,0.0
200,0.16820857863751051,1.0,1.0,0.0
201,0.16904962153069805,1.0,0.9950248756218906,0.00497512437810943
202,0.16989066442388562,1.0,0.995049504950495,0.004950495049504955
203,0.17073170731707318,1.0,0.9950738916256158,0.0049261083743842304
204,0.17157275021026072,1.0,0.9950980392156863,0.004901960784313708
205,0.1724137931034483,1.0,0.9951219512195122,0.004878048780487809
206,0.17325483599663583,1.0,0.9951456310679612,0.004854368932038833
207,0.1740958788898234,1.0,0.9951690821256038,0.004830917874396157
208,0.17493692178301093,1.0,0.9951923076923077,0.004807692307692291
209,0.1757779646761985,1.0,0.9952153110047847,0.004784688995215336
210,0.17661900756938603,1.0,0.9904761904761905,0.00952380952380949
211,0.1774600504625736,1.0,0.990521327014218,0.009478672985781977
212,0.17830109335576114,1.0,0.9905660377358491,0.009433962264150941
213,0.1791421362489487,1.0,0.9906103286384976,0.009389671361502372
214,0.17998317914213624,1.0,0.9906542056074766,0.009345794392523366
215,0.1808242220353238,1.0,0.9906976744186047,0.009302325581395321
216,0.18166526492851134,1.0,0.9907407407407407,0.0092592592592593
217,0.1825063078216989,1.0,0.9907834101382489,0.009216589861751112
218,0.18334735071488645,1.0,0.9908256880733946,0.00917431192660545
219,0.184188393608074,1.0,0.9908675799086758,0.0091324200913242
220,0.18502943650126155,0.9954545454545455,0.990909090909091,0.004545454545454519
221,0.18587047939444912,0.995475113122172,0.9909502262443439,0.004524886877828038
222,0.18671152228763668,0.9954954954954955,0.990990990990991,0.0045045045045045695
223,0.18755256518082422,0.9955156950672646,0.9910313901345291,0.004484304932735439
224,0.1883936080740118,0.9955357142857143,0.9910714285714286,0.004464285714285698
225,0.18923465096719932,0.9955555555555555,0.9911111111111112,0.004444444444444362
226,0.1900756938603869,0.995575221238938,0.9911504424778761,0.004424778761061954
227,0.19091673675357443,0.9955947136563876,0.9911894273127754,0.004405286343612258
228,0.191757779646762,0.9956140350877193,0.9912280701754386,0.004385964912280715
229,0.19259882253994953,0.9956331877729258,0.9912663755458515,0.004366812227074246
230,0.1934398654331371,0.9956521739130435,0.991304347826087,0.004347826086956497
231,0.19428090832632464,0.9956709956709957,0.9913419913419913,0.0043290043290044045
232,0.1951219512195122,0.9956896551724138,0.9913793103448276,0.004310344827586188
233,0.19596299411269974,0.9957081545064378,0.9914163090128756,0.0042918454935622075
234,0.1968040370058873,0.9957264957264957,0.9914529914529915,0.004273504273504258
235,0.19764507989907484,0.9957446808510638,0.9914893617021276,0.004255319148936176
236,0.1984861227922624,0.9957627118644068,0.9915254237288136,0.004237288135593209
237,0.19932716568544995,0.9957805907172996,0.9915611814345991,0.0042194092827004814
238,0.2001682085786375,0.9957983193277311,0.9915966386554622,0.004201680672268893
239,0.20100925147182505,0.99581589958159,0.9916317991631799,0.004184100418410108
240,0.20185029436501262,0.9958333333333333,0.9916666666666667,0.004166666666666652
241,0.20269133725820015,0.995850622406639,0.991701244813278,0.004149377593360981
242,0.20353238015138772,0.9958677685950413,0.9917355371900827,0.004132231404958664
243,0.2043734230445753,0.9958847736625515,0.9917695473251029,0.004115226337448541
244,0.20521446593776282,0.9959016393442623,0.9918032786885246,0.004098360655737765
245,0.2060555088309504,0.9959183673469387,0.9918367346938776,0.004081632653061162
246,0.20689655172413793,0.9959349593495935,0.991869918699187,0.004065040650406582
247,0.2077375946173255,0.9959514170040485,0.9878542510121457,0.0080971659919028
248,0.20857863751051303,0.9959677419354839,0.9879032258064516,0.008064516129032251
249,0.2094196804037006,0.9959839357429718,0.9879518072289156,0.008032128514056214
250,0.21026072329688814,0.996,0.988,0.008000000000000007
251,0.2111017661900757,0.9960159362549801,0.9880478087649402,0.007968127490039834
252,0.21194280908326324,0.996031746031746,0.9880952380952381,0.007936507936507908
253,0.2127838519764508,0.9960474308300395,0.9841897233201581,0.011857707509881465
254,0.21362489486963834,0.9960629921259843,0.984251968503937,0.011811023622047223
255,0.2144659377628259,0.996078431372549,0.984313725490196,0.01176470588235301
256,0.21530698065601345,0.99609375,0.984375,0.01171875
257,0.216148023549201,0.9961089494163424,0.9844357976653697,0.011673151750972721
258,0.21698906644238855,0.9961240310077519,0.9844961240310077,0.011627906976744207
259,0.21783010933557612,0.9961389961389961,0.9845559845559846,0.01158301158301156
260,0.21867115222876365,0.9961538461538462,0.9846153846153847,0.011538461538461497
261,0.21951219512195122,0.9961685823754789,0.9846743295019157,0.011494252873563204
262,0.22035323801513879,0.9961832061068703,0.9847328244274809,0.011450381679389388
263,0.22119428090832632,0.9961977186311787,0.9847908745247148,0.011406844106463865
264,0.2220353238015139,0.9962121212121212,0.9848484848484849,0.011363636363636354
265,0.22287636669470143,0.9962264150943396,0.9849056603773585,0.01132075471698113
266,0.223717409587889,0.9962406015037594,0.981203007518797,0.015037593984962405
267,0.22455845248107653,0.9962546816479401,0.9812734082397003,0.014981273408239737
268,0.2253994953742641,0.996268656716418,0.9813432835820896,0.014925373134328401
269,0.22624053826745164,0.9962825278810409,0.9776951672862454,0.018587360594795488
270,0.2270815811606392,0.9962962962962963,0.9777777777777777,0.0185185185185186
271,0.22792262405382674,0.996309963099631,0.977859778597786,0.0184501845018451
272,0.2287636669470143,0.9963235294117647,0.9779411764705882,0.018382352941176516
273,0.22960470984020184,0.9963369963369964,0.978021978021978,0.01831501831501836
274,0.2304457527333894,0.9963503649635036,0.9781021897810219,0.018248175182481674
275,0.23128679562657695,0.9963636363636363,0.9781818181818182,0.018181818181818188
276,0.2321278385197645,0.9963768115942029,0.9782608695652174,0.018115942028985477
277,0.23296888141295205,0.9963898916967509,0.9783393501805054,0.01805054151624541
278,0.23380992430613962,0.9964028776978417,0.9784172661870504,0.017985611510791366
279,0.23465096719932715,0.996415770609319,0.978494623655914,0.017921146953404965
280,0.23549201009251472,0.9964285714285714,0.9785714285714285,0.017857142857142905
281,0.23633305298570226,0.99644128113879,0.9786476868327402,0.017793594306049876
282,0.23717409587888982,0.9964539007092199,0.9787234042553191,0.01773049645390079
283,0.2380151387720774,0.9964664310954063,0.9752650176678446,0.021201413427561766
284,0.23885618166526493,0.9964788732394366,0.9753521126760564,0.021126760563380254
285,0.2396972245584525,0.9964912280701754,0.9754385964912281,0.021052631578947323
286,0.24053826745164003,0.9965034965034965,0.9755244755244755,0.020979020979020935
287,0.2413793103448276,0.9965156794425087,0.975609756097561,0.020905923344947785
288,0.24222035323801513,0.9965277777777778,0.9756944444444444,0.02083333333333337
289,0.2430613961312027,0.9965397923875432,0.9757785467128027,0.02076124567474047
290,0.24390243902439024,0.996551724137931,0.9758620689655172,0.020689655172413834
291,0.2447434819175778,0.9965635738831615,0.9759450171821306,0.020618556701030966
292,0.24558452481076534,0.9965753424657534,0.976027397260274,0.020547945205479423
293,0.2464255677039529,0.9965870307167235,0.9761092150170648,0.020477815699658675
294,0.24726661059714045,0.9965986394557823,0.9761904761904762,0.020408163265306145
295,0.248107653490328,0.9966101694915255,0.976271186440678,0.02033898305084747
296,0.24894869638351555,0.9966216216216216,0.9763513513513513,0.020270270270270285
297,0.24978973927670312,0.9966329966329966,0.9764309764309764,0.02020202020202022
298,0.25063078216989065,0.9966442953020134,0.9765100671140939,0.020134228187919434
299,0.2514718250630782,0.9966555183946488,0.9765886287625418,0.02006688963210701
300,0.2523128679562658,0.9966666666666667,0.9766666666666667,0.020000000000000018
301,0.2531539108494533,0.9966777408637874,0.9767441860465116,0.019933554817275767
302,0.25399495374264086,0.9966887417218543,0.9768211920529801,0.019867549668874163
303,0.25483599663582845,0.9966996699669967,0.976897689768977,0.01980198019801971
304,0.255677039529016,0.9967105263157895,0.9769736842105263,0.019736842105263164
305,0.25651808242220353,0.9967213114754099,0.9770491803278688,0.019672131147541072
306,0.25735912531539107,0.9967320261437909,0.9771241830065359,0.019607843137254943
307,0.25820016820857866,0.996742671009772,0.9771986970684039,0.019543973941368087
308,0.2590412111017662,0.9967532467532467,0.9772727272727273,0.01948051948051943
309,0.25988225399495374,0.9967637540453075,0.9773462783171522,0.01941747572815533
310,0.2607232968881413,0.9967741935483871,0.9741935483870968,0.022580645161290325
311,0.26156433978132887,0.9967845659163987,0.9742765273311897,0.022508038585209
312,0.2624053826745164,0.9967948717948718,0.9743589743589743,0.022435897435897467
313,0.26324642556770395,0.9968051118210862,0.9744408945686901,0.022364217252396124
314,0.2640874684608915,0.9968152866242038,0.9745222929936306,0.022292993630573243
315,0.2649285113540791,0.9968253968253968,0.9746031746031746,0.022222222222222254
316,0.2657695542472666,0.9968354430379747,0.9746835443037974,0.022151898734177222
317,0.26661059714045415,0.9968454258675079,0.9747634069400631,0.02208201892744477
318,0.2674516400336417,0.9968553459119497,0.9716981132075472,0.02515723270440251
319,0.2682926829268293,0.9968652037617555,0.9717868338557993,0.025078369905956133
320,0.2691337258200168,0.996875,0.971875,0.02499999999999991
321,0.26997476871320436,0.9968847352024922,0.9719626168224299,0.024922118380062308
322,0.2708158116063919,0.9968944099378882,0.9720496894409938,0.024844720496894457
323,0.2716568544995795,0.9938080495356038,0.9721362229102167,0.021671826625387025
324,0.27249789739276703,0.9938271604938271,0.9722222222222222,0.021604938271604923
325,0.27333894028595457,0.9938461538461538,0.9723076923076923,0.021538461538461506
326,0.27417998317914216,0.9938650306748467,0.9723926380368099,0.021472392638036797
327,0.2750210260723297,0.9938837920489296,0.9724770642201835,0.021406727828746086
328,0.27586206896551724,0.9939024390243902,0.9725609756097561,0.021341463414634165
329,0.2767031118587048,0.993920972644377,0.9726443768996961,0.021276595744680882
330,0.27754415475189237,0.9939393939393939,0.9727272727272728,0.021212121212121127
331,0.2783851976450799,0.9939577039274925,0.972809667673716,0.02114803625377648
332,0.27922624053826745,0.9939759036144579,0.9728915662650602,0.02108433734939763
333,0.280067283431455,0.993993993993994,0.972972972972973,0.02102102102102099
334,0.2809083263246426,0.9940119760479041,0.9700598802395209,0.0239520958083832
335,0.2817493692178301,0.9940298507462687,0.9701492537313433,0.023880597014925398
336,0.28259041211101765,0.9940476190476191,0.9702380952380952,0.023809523809523836
337,0.2834314550042052,0.9910979228486647,0.9703264094955489,0.020771513353115778
338,0.2842724978973928,0.9911242603550295,0.9704142011834319,0.020710059171597628
339,0.2851135407905803,0.9911504424778761,0.9705014749262537,0.020648967551622377
340,0.28595458368376786,0.9911764705882353,0.9705882352941176,0.020588235294117685
341,0.2867956265769554,0.9912023460410557,0.9706744868035191,0.02052785923753664
342,0.287636669470143,0.9912280701754386,0.9707602339181286,0.020467836257309968
343,0.28847771236333053,0.9912536443148688,0.967930029154519,0.023323615160349864
344,0.28931875525651807,0.9912790697674418,0.9680232558139535,0.023255813953488302
345,0.29015979814970566,0.991304347826087,0.9681159420289855,0.023188405797101463
346,0.2910008410428932,0.9913294797687862,0.9682080924855492,0.023121387283236983
347,0.29184188393608074,0.9913544668587896,0.968299711815562,0.023054755043227626
348,0.2926829268292683,0.9913793103448276,0.9683908045977011,0.02298850574712652
349,0.29352396972245587,0.9914040114613181,0.9684813753581661,0.022922636103151928
350,0.2943650126156434,0.9914285714285714,0.9685714285714285,0.02285714285714291
351,0.29520605550883094,0.9914529914529915,0.9658119658119658,0.02564102564102566
352,0.2960470984020185,0.9914772727272727,0.9659090909090909,0.025568181818181768
353,0.2968881412952061,0.9915014164305949,0.9660056657223796,0.025495750708215303
354,0.2977291841883936,0.9915254237288136,0.9661016949152542,0.025423728813559365
355,0.29857022708158115,0.9915492957746479,0.9661971830985916,0.025352112676056304
356,0.2994112699747687,0.9915730337078652,0.9662921348314607,0.0252808988764045
357,0.3002523128679563,0.9915966386554622,0.9663865546218487,0.025210084033613467
358,0.3010933557611438,0.9916201117318436,0.9664804469273743,0.025139664804469275
359,0.30193439865433136,0.9916434540389972,0.9665738161559888,0.025069637883008422
360,0.3027754415475189,0.9916666666666667,0.9666666666666667,0.025000000000000022
361,0.3036164844407065,0.9916897506925207,0.96398891966759,0.027700831024930705
362,0.30445752733389403,0.9917127071823204,0.9640883977900553,0.027624309392265123
363,0.30529857022708157,0.9917355371900827,0.9614325068870524,0.030303030303030276
364,0.30613961312026916,0.9917582417582418,0.9615384615384616,0.030219780219780223
365,0.3069806560134567,0.9917808219178083,0.9616438356164384,0.03013698630136985
366,0.30782169890664424,0.9918032786885246,0.9617486338797814,0.030054644808743203
367,0.3086627417998318,0.9918256130790191,0.9591280653950953,0.032697547683923744
368,0.30950378469301937,0.9918478260869565,0.9565217391304348,0.03532608695652173
369,0.3103448275862069,0.991869918699187,0.9566395663956639,0.035230352303523005
370,0.31118587047939444,0.9918918918918919,0.9567567567567568,0.03513513513513511
371,0.312026913372582,0.9919137466307277,0.954177897574124,0.037735849056603765
372,0.3128679562657696,0.9919354838709677,0.9543010752688172,0.037634408602150504
373,0.3137089991589571,0.9919571045576407,0.9544235924932976,0.03753351206434319
374,0.31455004205214465,0.9919786096256684,0.9545454545454546,0.03743315508021383
375,0.3153910849453322,0.992,0.9546666666666667,0.03733333333333333
376,0.3162321278385198,0.9920212765957447,0.9547872340425532,0.037234042553191515
377,0.3170731707317073,0.9920424403183024,0.9549071618037135,0.037135278514588865
378,0.31791421362489486,0.9920634920634921,0.955026455026455,0.03703703703703709
379,0.3187552565180824,0.9920844327176781,0.9551451187335093,0.03693931398416883
380,0.31959629941127,0.9921052631578947,0.9552631578947368,0.0368421052631579
381,0.32043734230445753,0.9921259842519685,0.9553805774278216,0.03674540682414695
382,0.32127838519764507,0.9921465968586387,0.9554973821989529,0.03664921465968585
383,0.32211942809083266,0.9921671018276762,0.9556135770234987,0.036553524804177506
384,0.3229604709840202,0.9921875,0.953125,0.0390625
385,0.32380151387720774,0.9922077922077922,0.9532467532467532,0.038961038961038974
386,0.3246425567703953,0.9922279792746114,0.9507772020725389,0.041450777202072464
387,0.32548359966358287,0.9922480620155039,0.9483204134366925,0.043927648578811374
388,0.3263246425567704,0.9922680412371134,0.9484536082474226,0.04381443298969079
389,0.32716568544995794,0.9922879177377892,0.9485861182519281,0.04370179948586117
390,0.3280067283431455,0.9923076923076923,0.9487179487179487,0.04358974358974366
391,0.3288477712363331,0.9923273657289002,0.948849104859335,0.04347826086956519
392,0.3296888141295206,0.9923469387755102,0.9489795918367347,0.04336734693877542
393,0.33052985702270815,0.9923664122137404,0.9491094147582697,0.043256997455470736
394,0.3313708999158957,0.9923857868020305,0.949238578680203,0.043147208121827485
395,0.3322119428090833,0.9924050632911392,0.9493670886075949,0.04303797468354431
396,0.3330529857022708,0.9924242424242424,0.9494949494949495,0.04292929292929293
397,0.33389402859545836,0.9924433249370277,0.9496221662468514,0.04282115869017633
398,0.3347350714886459,0.992462311557789,0.949748743718593,0.042713567839196
399,0.3355761143818335,0.9924812030075187,0.949874686716792,0.04260651629072676
400,0.33641715727502103,0.9925,0.95,0.04250000000000009
401,0.33725820016820857,0.9925187032418953,0.9501246882793017,0.04239401496259354
402,0.3380992430613961,0.9925373134328358,0.9502487562189055,0.04228855721393032
403,0.3389402859545837,0.9925558312655087,0.9503722084367245,0.042183622828784184
404,0.33978132884777124,0.9925742574257426,0.9504950495049505,0.04207920792079212
405,0.3406223717409588,0.9925925925925926,0.9506172839506173,0.041975308641975295
406,0.34146341463414637,0.9926108374384236,0.9507389162561576,0.041871921182266014
407,0.3423044575273339,0.9926289926289926,0.9508599508599509,0.041769041769041726
408,0.34314550042052144,0.9926470588235294,0.9485294117647058,0.044117647058823595
409,0.343986543313709,0.9926650366748166,0.9486552567237164,0.044009779951100225
410,0.3448275862068966,0.9926829268292683,0.948780487804878,0.04390243902439028
411,0.3456686291000841,0.9927007299270073,0.948905109489051,0.04379562043795626
412,0.34650967199327165,0.9927184466019418,0.9490291262135923,0.043689320388349495
413,0.3473507148864592,0.9927360774818402,0.9491525423728814,0.04358353510895885
414,0.3481917577796468,0.9927536231884058,0.9468599033816425,0.04589371980676327
415,0.3490328006728343,0.9927710843373494,0.946987951807229,0.04578313253012045
416,0.34987384356602186,0.9927884615384616,0.9471153846153846,0.04567307692307698
417,0.3507148864592094,0.9928057553956835,0.947242206235012,0.04556354916067151
418,0.351555929352397,0.992822966507177,0.9473684210526315,0.045454545454545525
419,0.3523969722455845,0.9928400954653938,0.9451073985680191,0.04773269689737469
420,0.35323801513877207,0.9928571428571429,0.9428571428571428,0.050000000000000044
421,0.3540790580319596,0.9928741092636579,0.9406175771971497,0.052256532066508266
422,0.3549201009251472,0.9928909952606635,0.9383886255924171,0.0545023696682464
423,0.35576114381833474,0.9929078014184397,0.9385342789598109,0.05437352245862881
424,0.3566021867115223,0.9929245283018868,0.9386792452830188,0.054245283018867996
425,0.35744322960470987,0.9929411764705882,0.9364705882352942,0.05647058823529405
426,0.3582842724978974,0.9929577464788732,0.9342723004694836,0.05868544600938963
427,0.35912531539108494,0.9929742388758782,0.9344262295081968,0.05854800936768145
428,0.3599663582842725,0.9929906542056075,0.9322429906542056,0.06074766355140193
429,0.3608074011774601,0.993006993006993,0.9324009324009324,0.06060606060606066
430,0.3616484440706476,0.9930232558139535,0.9325581395348838,0.0604651162790697
431,0.36248948696383515,0.9930394431554525,0.9327146171693735,0.06032482598607891
432,0.3633305298570227,0.9930555555555556,0.9305555555555556,0.0625
433,0.3641715727502103,0.9930715935334873,0.930715935334873,0.06235565819861433
434,0.3650126156433978,0.9930875576036866,0.9308755760368663,0.062211981566820285
435,0.36585365853658536,0.993103448275862,0.9310344827586207,0.06206896551724139
436,0.3666947014297729,0.9931192660550459,0.9311926605504587,0.06192660550458717
437,0.3675357443229605,0.9931350114416476,0.931350114416476,0.06178489702517165
438,0.368376787216148,0.9931506849315068,0.9315068493150684,0.06164383561643838
439,0.36921783010933557,0.9931662870159453,0.929384965831435,0.0637813211845103
440,0.3700588730025231,0.9931818181818182,0.9295454545454546,0.0636363636363636
441,0.3708999158957107,0.9931972789115646,0.9297052154195011,0.06349206349206349
442,0.37174095878889823,0.9932126696832579,0.9298642533936652,0.06334841628959276
443,0.3725820016820858,0.9932279909706546,0.9300225733634312,0.06320541760722342
444,0.37342304457527337,0.9932432432432432,0.9301801801801802,0.06306306306306297
445,0.3742640874684609,0.9932584269662922,0.9280898876404494,0.06516853932584277
446,0.37510513036164844,0.9932735426008968,0.9260089686098655,0.06726457399103136
447,0.375946173254836,0.9932885906040269,0.9261744966442953,0.06711409395973156
448,0.3767872161480236,0.9933035714285714,0.9263392857142857,0.0669642857142857
449,0.3776282590412111,0.9933184855233853,0.9242761692650334,0.06904231625835189
450,0.37846930193439865,0.9933333333333333,0.9244444444444444,0.06888888888888889
451,0.3793103448275862,0.9933481152993349,0.9223946784922394,0.07095343680709543
452,0.3801513877207738,0.9933628318584071,0.922566371681416,0.07079646017699115
453,0.3809924306139613,0.9933774834437086,0.9205298013245033,0.07284768211920523
454,0.38183347350714886,0.9933920704845814,0.920704845814978,0.07268722466960342
455,0.3826745164003364,0.9934065934065934,0.9186813186813186,0.07472527472527479
456,0.383515559293524,0.993421052631579,0.918859649122807,0.07456140350877194
457,0.3843566021867115,0.9912472647702407,0.9190371991247265,0.07221006564551424
458,0.38519764507989906,0.9912663755458515,0.9170305676855895,0.07423580786026196
459,0.3860386879730866,0.9912854030501089,0.9172113289760349,0.07407407407407407
460,0.3868797308662742,0.991304347826087,0.9173913043478261,0.07391304347826089
461,0.38772077375946173,0.9913232104121475,0.9154013015184381,0.07592190889370942
462,0.3885618166526493,0.9913419913419913,0.9134199134199135,0.07792207792207784
463,0.3894028595458368,0.9913606911447084,0.9136069114470843,0.07775377969762409
464,0.3902439024390244,0.9892241379310345,0.9116379310344828,0.07758620689655171
465,0.39108494533221194,0.989247311827957,0.9118279569892473,0.07741935483870965
466,0.3919259882253995,0.9892703862660944,0.9120171673819742,0.07725321888412018
467,0.3927670311185871,0.9892933618843683,0.9122055674518201,0.0770877944325482
468,0.3936080740117746,0.9893162393162394,0.9102564102564102,0.07905982905982911
469,0.39444911690496215,0.9893390191897654,0.9104477611940298,0.0788912579957356
470,0.3952901597981497,0.9893617021276596,0.9106382978723404,0.07872340425531921
471,0.3961312026913373,0.9893842887473461,0.910828025477707,0.07855626326963905
472,0.3969722455845248,0.9872881355932204,0.9088983050847458,0.07838983050847459
473,0.39781328847771236,0.9873150105708245,0.9090909090909091,0.07822410147991543
474,0.3986543313708999,0.9873417721518988,0.9092827004219409,0.07805907172995785
475,0.3994953742640875,0.9873684210526316,0.9073684210526316,0.07999999999999996
476,0.400336417157275,0.9873949579831933,0.907563025210084,0.0798319327731093
477,0.40117746005046256,0.9874213836477987,0.9077568134171907,0.07966457023060802
478,0.4020185029436501,0.9874476987447699,0.9079497907949791,0.07949790794979084
479,0.4028595458368377,0.9853862212943633,0.9081419624217119,0.0772442588726514
480,0.40370058873002523,0.9854166666666667,0.9083333333333333,0.07708333333333339
481,0.40454163162321277,0.9854469854469855,0.9064449064449065,0.079002079002079
482,0.4053826745164003,0.9854771784232366,0.9066390041493776,0.07883817427385897
483,0.4062237174095879,0.9855072463768116,0.906832298136646,0.07867494824016563
484,0.40706476030277544,0.9834710743801653,0.9070247933884298,0.07644628099173556
485,0.407905803195963,0.9835051546391752,0.9072164948453608,0.07628865979381438
486,0.4087468460891506,0.9835390946502057,0.9074074074074074,0.07613168724279828
487,0.4095878889823381,0.9835728952772074,0.9075975359342916,0.07597535934291577
488,0.41042893187552565,0.9836065573770492,0.9077868852459017,0.07581967213114749
489,0.4112699747687132,0.983640081799591,0.9079754601226994,0.07566462167689159
490,0.4121110176619008,0.9836734693877551,0.9081632653061225,0.07551020408163267
491,0.4129520605550883,0.9837067209775967,0.9083503054989817,0.07535641547861505
492,0.41379310344827586,0.983739837398374,0.9085365853658537,0.07520325203252032
493,0.4146341463414634,0.9837728194726166,0.9087221095334685,0.07505070993914809
494,0.415475189234651,0.9838056680161943,0.9089068825910931,0.0748987854251012
495,0.4163162321278385,0.9838383838383838,0.9090909090909091,0.07474747474747478
496,0.41715727502102606,0.9838709677419355,0.907258064516129,0.0766129032258065
497,0.4179983179142136,0.9839034205231388,0.9074446680080482,0.0764587525150906
498,0.4188393608074012,0.9839357429718876,0.9076305220883534,0.0763052208835342
499,0.41968040370058873,0.9839679358717435,0.9078156312625251,0.0761523046092184
500,0.42052144659377627,0.984,0.908,0.07599999999999996
501,0.4213624894869638,0.9840319361277445,0.906187624750499,0.07784431137724557
502,0.4222035323801514,0.9840637450199203,0.9063745019920318,0.07768924302788849
503,0.42304457527333894,0.9840954274353877,0.904572564612326,0.07952286282306165
504,0.4238856181665265,0.9841269841269841,0.9027777777777778,0.08134920634920628
505,0.4247266610597141,0.9841584158415841,0.902970297029703,0.08118811881188115
506,0.4255677039529016,0.9841897233201581,0.9031620553359684,0.0810276679841897
507,0.42640874684608915,0.9842209072978304,0.903353057199211,0.08086785009861941
508,0.4272497897392767,0.984251968503937,0.9035433070866141,0.08070866141732291
509,0.4280908326324643,0.9842829076620825,0.9037328094302554,0.08055009823182713
510,0.4289318755256518,0.9823529411764705,0.903921568627451,0.07843137254901955
511,0.42977291841883936,0.9823874755381604,0.9021526418786693,0.08023483365949113
512,0.4306139613120269,0.982421875,0.900390625,0.08203125
513,0.4314550042052145,0.9824561403508771,0.9005847953216374,0.08187134502923976
514,0.432296047098402,0.9824902723735408,0.9007782101167315,0.08171206225680927
515,0.43313708999158956,0.9825242718446602,0.9009708737864077,0.08155339805825246
516,0.4339781328847771,0.9825581395348837,0.9011627906976745,0.08139534883720922
517,0.4348191757779647,0.9825918762088974,0.9013539651837524,0.081237911025145
518,0.43566021867115223,0.9826254826254827,0.8996138996138996,0.08301158301158307
519,0.43650126156433977,0.9826589595375722,0.8998073217726397,0.08285163776493254
520,0.4373423044575273,0.9826923076923076,0.9,0.08269230769230762
521,0.4381833473507149,0.982725527831094,0.9001919385796545,0.0825335892514395
522,0.43902439024390244,0.9827586206896551,0.8984674329501916,0.08429118773946354
523,0.43986543313709,0.982791586998088,0.8986615678776291,0.08413001912045892
524,0.44070647603027757,0.982824427480916,0.898854961832061,0.08396946564885499
525,0.4415475189234651,0.9828571428571429,0.8971428571428571,0.08571428571428574
526,0.44238856181665265,0.9828897338403042,0.8973384030418251,0.0855513307984791
527,0.4432296047098402,0.9829222011385199,0.8975332068311196,0.08538899430740032
528,0.4440706476030278,0.9829545454545454,0.8977272727272727,0.08522727272727271
529,0.4449116904962153,0.9829867674858223,0.8979206049149339,0.08506616257088839
530,0.44575273338940286,0.9830188679245283,0.8962264150943396,0.08679245283018866
531,0.4465937762825904,0.9830508474576272,0.896421845574388,0.08662900188323919
532,0.447434819175778,0.9830827067669173,0.8947368421052632,0.08834586466165417
533,0.4482758620689655,0.9812382739212008,0.8949343339587242,0.08630393996247654
534,0.44911690496215306,0.9812734082397003,0.8951310861423221,0.08614232209737827
535,0.4499579478553406,0.9813084112149533,0.8934579439252337,0.08785046728971957
536,0.4507989907485282,0.9813432835820896,0.8917910447761194,0.08955223880597019
537,0.45164003364171573,0.9813780260707635,0.8919925512104283,0.08938547486033521
538,0.45248107653490327,0.9814126394052045,0.8921933085501859,0.08921933085501865
539,0.4533221194280908,0.9814471243042672,0.8923933209647495,0.08905380333951762
540,0.4541631623212784,0.9814814814814815,0.8925925925925926,0.0888888888888889
541,0.45500420521446594,0.9815157116451017,0.8909426987060998,0.09057301293900188
542,0.4558452481076535,0.981549815498155,0.8911439114391144,0.09040590405904059
543,0.456686291000841,0.9815837937384899,0.8913443830570903,0.09023941068139962
544,0.4575273338940286,0.9816176470588235,0.8897058823529411,0.09191176470588236
545,0.45836837678721615,0.981651376146789,0.8899082568807339,0.09174311926605505
546,0.4592094196804037,0.9816849816849816,0.8901098901098901,0.09157509157509158
547,0.4600504625735913,0.9817184643510055,0.8903107861060329,0.09140767824497265
548,0.4608915054667788,0.9817518248175182,0.8905109489051095,0.0912408759124087
549,0.46173254835996635,0.9817850637522769,0.8888888888888888,0.09289617486338808
550,0.4625735912531539,0.9818181818181818,0.8872727272727273,0.09454545454545449
551,0.4634146341463415,0.9818511796733213,0.8874773139745916,0.09437386569872963
552,0.464255677039529,0.9818840579710145,0.8876811594202898,0.09420289855072472
553,0.46509671993271656,0.9819168173598554,0.8860759493670886,0.09584086799276681
554,0.4659377628259041,0.98014440433213,0.8844765342960289,0.09566787003610111
555,0.4667788057190917,0.9783783783783784,0.8846846846846846,0.09369369369369374
556,0.46761984861227923,0.9784172661870504,0.8830935251798561,0.09532374100719432
557,0.46846089150546677,0.9784560143626571,0.8833034111310593,0.0951526032315978
558,0.4693019343986543,0.978494623655914,0.8835125448028673,0.09498207885304666
559,0.4701429772918419,0.9785330948121646,0.8837209302325582,0.0948121645796064
560,0.47098402018502944,0.9785714285714285,0.8839285714285714,0.09464285714285714
561,0.471825063078217,0.9786096256684492,0.8823529411764706,0.09625668449197866
562,0.4726661059714045,0.9786476868327402,0.8825622775800712,0.09608540925266895
563,0.4735071488645921,0.9786856127886323,0.8827708703374778,0.0959147424511545
564,0.47434819175777965,0.9787234042553191,0.8829787234042553,0.0957446808510638
565,0.4751892346509672,0.9787610619469026,0.8814159292035398,0.09734513274336276
566,0.4760302775441548,0.9787985865724381,0.8816254416961131,0.097173144876325
567,0.4768713204373423,0.9788359788359788,0.8818342151675485,0.09700176366843039
568,0.47771236333052985,0.9788732394366197,0.8820422535211268,0.096830985915493
569,0.4785534062237174,0.9789103690685413,0.8804920913884007,0.09841827768014066
570,0.479394449116905,0.9789473684210527,0.8807017543859649,0.0982456140350878
571,0.4802354920100925,0.978984238178634,0.8791593695271454,0.09982486865148865
572,0.48107653490328006,0.9790209790209791,0.8793706293706294,0.09965034965034969
573,0.4819175777964676,0.9790575916230366,0.8795811518324608,0.09947643979057585
574,0.4827586206896552,0.9790940766550522,0.8797909407665505,0.0993031358885017
575,0.48359966358284273,0.9773913043478261,0.88,0.09739130434782606
576,0.48444070647603027,0.9774305555555556,0.8802083333333334,0.09722222222222221
577,0.4852817493692178,0.9774696707105719,0.8804159445407279,0.09705372616984398
578,0.4861227922624054,0.9757785467128027,0.8788927335640139,0.09688581314878886
579,0.48696383515559294,0.9758203799654577,0.8791018998272885,0.0967184801381692
580,0.4878048780487805,0.9758620689655172,0.8775862068965518,0.09827586206896544
581,0.488645920941968,0.9759036144578314,0.8760757314974182,0.09982788296041312
582,0.4894869638351556,0.9759450171821306,0.8745704467353952,0.10137457044673537
583,0.49032800672834315,0.9759862778730704,0.8747855917667239,0.10120068610634647
584,0.4911690496215307,0.976027397260274,0.875,0.10102739726027399
585,0.4920100925147183,0.976068376068376,0.8735042735042735,0.10256410256410253
586,0.4928511354079058,0.9761092150170648,0.8737201365187713,0.10238907849829348
587,0.49369217830109335,0.9761499148211243,0.8739352640545145,0.10221465076660985
588,0.4945332211942809,0.9761904761904762,0.8741496598639455,0.10204081632653061
589,0.4953742640874685,0.9762308998302207,0.8743633276740238,0.1018675721561969
590,0.496215306980656,0.976271186440678,0.8745762711864407,0.10169491525423735
591,0.49705634987384356,0.9763113367174281,0.8747884940778342,0.10152284263959388
592,0.4978973927670311,0.9763513513513513,0.8733108108108109,0.10304054054054046
593,0.4987384356602187,0.9747048903878583,0.8718381112984823,0.10286677908937603
594,0.49957947855340623,0.9747474747474747,0.8703703703703703,0.10437710437710435
595,0.5004205214465938,0.9747899159663865,0.8689075630252101,0.10588235294117643
596,0.5012615643397813,0.9748322147651006,0.8674496644295302,0.10738255033557043
597,0.5021026072329688,0.9748743718592965,0.8659966499162479,0.10887772194304857
598,0.5029436501261564,0.9749163879598662,0.8645484949832776,0.11036789297658867
599,0.503784693019344,0.9749582637729549,0.8647746243739566,0.11018363939899833
600,0.5046257359125316,0.975,0.865,0.10999999999999999
601,0.5054667788057191,0.9750415973377704,0.8652246256239601,0.10981697171381033
602,0.5063078216989066,0.9750830564784053,0.8654485049833887,0.10963455149501666
603,0.5071488645920942,0.9751243781094527,0.8656716417910447,0.10945273631840802
604,0.5079899074852817,0.9751655629139073,0.8658940397350994,0.10927152317880795
605,0.5088309503784693,0.9752066115702479,0.8661157024793389,0.10909090909090902
606,0.5096719932716569,0.9752475247524752,0.8663366336633663,0.1089108910891089
607,0.5105130361648444,0.9752883031301482,0.8665568369028006,0.10873146622734764
608,0.511354079058032,0.975328947368421,0.8651315789473685,0.11019736842105254
609,0.5121951219512195,0.9753694581280788,0.8653530377668309,0.11001642036124792
610,0.5130361648444071,0.9754098360655737,0.8639344262295082,0.11147540983606552
611,0.5138772077375946,0.9754500818330606,0.8641571194762684,0.1112929623567922
612,0.5147182506307821,0.9754901960784313,0.8643790849673203,0.11111111111111105
613,0.5155592935239697,0.9738988580750407,0.8646003262642741,0.10929853181076665
614,0.5164003364171573,0.9739413680781759,0.8631921824104235,0.11074918566775238
615,0.5172413793103449,0.9739837398373984,0.8617886178861789,0.1121951219512195
616,0.5180824222035324,0.974025974025974,0.862012987012987,0.11201298701298701
617,0.5189234650967199,0.9724473257698542,0.8622366288492707,0.1102106969205835
618,0.5197645079899075,0.9724919093851133,0.8624595469255664,0.11003236245954695
619,0.520605550883095,0.9725363489499192,0.8626817447495961,0.10985460420032311
620,0.5214465937762826,0.9725806451612903,0.8629032258064516,0.10967741935483866
621,0.5222876366694701,0.9710144927536232,0.8631239935587761,0.10789049919484706
622,0.5231286795626577,0.9710610932475884,0.8633440514469454,0.10771704180064301
623,0.5239697224558453,0.971107544141252,0.8635634028892456,0.1075441412520064
624,0.5248107653490328,0.9711538461538461,0.8637820512820513,0.10737179487179482
625,0.5256518082422204,0.9712,0.864,0.10719999999999996
626,0.5264928511354079,0.9712460063897763,0.8642172523961661,0.10702875399361023
627,0.5273338940285954,0.9696969696969697,0.8644338118022329,0.10526315789473684
628,0.528174936921783,0.9697452229299363,0.8630573248407644,0.1066878980891719
629,0.5290159798149706,0.9697933227344993,0.863275039745628,0.10651828298887123
630,0.5298570227081582,0.9698412698412698,0.861904761904762,0.10793650793650789
631,0.5306980656013457,0.9683042789223455,0.8621236133122029,0.10618066561014261
632,0.5315391084945332,0.9683544303797469,0.8607594936708861,0.10759493670886078
633,0.5323801513877208,0.9684044233807267,0.8593996840442338,0.1090047393364929
634,0.5332211942809083,0.9684542586750788,0.8596214511041009,0.10883280757097791
635,0.5340622371740958,0.968503937007874,0.8582677165354331,0.11023622047244086
636,0.5349032800672834,0.9669811320754716,0.8569182389937107,0.11006289308176098
637,0.535744322960471,0.9654631083202512,0.8555729984301413,0.10989010989010983
638,0.5365853658536586,0.9655172413793104,0.8557993730407524,0.10971786833855801
639,0.5374264087468461,0.9655712050078247,0.8560250391236307,0.10954616588419397
640,0.5382674516400336,0.965625,0.85625,0.109375
641,0.5391084945332212,0.9656786271450858,0.8549141965678627,0.11076443057722307
642,0.5399495374264087,0.9657320872274143,0.8551401869158879,0.11059190031152644
643,0.5407905803195963,0.9657853810264385,0.8553654743390358,0.11041990668740276
644,0.5416316232127838,0.9658385093167702,0.8555900621118012,0.11024844720496896
645,0.5424726661059714,0.9658914728682171,0.8542635658914729,0.11162790697674418
646,0.543313708999159,0.9659442724458205,0.8544891640866873,0.11145510835913319
647,0.5441547518923465,0.964451313755796,0.8531684698608965,0.11128284389489951
648,0.5449957947855341,0.9645061728395061,0.8518518518518519,0.11265432098765427
649,0.5458368376787216,0.9645608628659477,0.8520801232665639,0.11248073959938376
650,0.5466778805719091,0.9646153846153847,0.8507692307692307,0.11384615384615393
651,0.5475189234650967,0.9631336405529954,0.8509984639016898,0.11213517665130568
652,0.5483599663582843,0.9631901840490797,0.8512269938650306,0.1119631901840491
653,0.5492010092514719,0.9632465543644717,0.8499234303215927,0.11332312404287903
654,0.5500420521446594,0.963302752293578,0.8486238532110092,0.11467889908256879
655,0.5508830950378469,0.9618320610687023,0.8473282442748091,0.11450381679389321
656,0.5517241379310345,0.961890243902439,0.8475609756097561,0.11432926829268297
657,0.552565180824222,0.9619482496194824,0.84779299847793,0.11415525114155245
658,0.5534062237174096,0.9620060790273556,0.8480243161094225,0.11398176291793305
659,0.5542472666105971,0.9620637329286799,0.8467374810318664,0.11532625189681345
660,0.5550883095037847,0.9621212121212122,0.8469696969696969,0.11515151515151523
661,0.5559293523969723,0.962178517397882,0.8472012102874432,0.11497730711043874
662,0.5567703952901598,0.9622356495468278,0.8459214501510574,0.11631419939577048
663,0.5576114381833474,0.9622926093514329,0.8461538461538461,0.11613876319758676
664,0.5584524810765349,0.9623493975903614,0.8448795180722891,0.1174698795180723
665,0.5592935239697224,0.9624060150375939,0.843609022556391,0.1187969924812029
666,0.56013456686291,0.9624624624624625,0.8423423423423423,0.12012012012012019
667,0.5609756097560976,0.9625187406296851,0.8425787106446777,0.11994002998500741
668,0.5618166526492852,0.9625748502994012,0.8413173652694611,0.12125748502994005
669,0.5626576955424727,0.9611360239162929,0.8415545590433483,0.11958146487294463
670,0.5634987384356602,0.9611940298507463,0.8417910447761194,0.11940298507462688
671,0.5643397813288478,0.9612518628912071,0.842026825633383,0.11922503725782407
672,0.5651808242220353,0.9613095238095238,0.8407738095238095,0.1205357142857143
673,0.5660218671152228,0.9613670133729569,0.8395245170876672,0.12184249628528976
674,0.5668629100084104,0.9614243323442137,0.8397626112759644,0.12166172106824924
675,0.567703952901598,0.9614814814814815,0.8385185185185186,0.12296296296296294
676,0.5685449957947856,0.9615384615384616,0.8372781065088757,0.12426035502958588
677,0.5693860386879731,0.9615952732644018,0.8360413589364845,0.1255539143279173
678,0.5702270815811606,0.9616519174041298,0.8362831858407079,0.12536873156342188
679,0.5710681244743482,0.9617083946980854,0.8365243004418262,0.1251840942562592
680,0.5719091673675357,0.961764705882353,0.8352941176470589,0.1264705882352941
681,0.5727502102607233,0.960352422907489,0.8340675477239354,0.12628487518355358
682,0.5735912531539108,0.9589442815249267,0.8343108504398827,0.12463343108504399
683,0.5744322960470984,0.95900439238653,0.8330893118594437,0.12591508052708633
684,0.575273338940286,0.9590643274853801,0.8318713450292398,0.1271929824561403
685,0.5761143818334735,0.9591240875912409,0.8321167883211679,0.12700729927007304
686,0.5769554247266611,0.9591836734693877,0.8323615160349854,0.12682215743440228
687,0.5777964676198486,0.9592430858806404,0.8326055312954876,0.1266375545851528
688,0.5786375105130361,0.9593023255813954,0.8313953488372093,0.12790697674418605
689,0.5794785534062237,0.9593613933236574,0.8316400580551524,0.12772133526850504
690,0.5803195962994113,0.9594202898550724,0.8304347826086956,0.1289855072463768
691,0.5811606391925989,0.959479015918958,0.829232995658466,0.13024602026049203
692,0.5820016820857864,0.9595375722543352,0.8294797687861272,0.13005780346820806
693,0.5828427249789739,0.9581529581529582,0.8297258297258298,0.12842712842712845
694,0.5836837678721615,0.9582132564841499,0.8285302593659942,0.12968299711815567
695,0.584524810765349,0.958273381294964,0.8273381294964028,0.13093525179856114
696,0.5853658536585366,0.9583333333333334,0.8275862068965517,0.13074712643678166
697,0.5862068965517241,0.9583931133428981,0.8278335724533716,0.13055954088952648
698,0.5870479394449117,0.9584527220630372,0.826647564469914,0.13180515759312317
699,0.5878889823380993,0.9585121602288984,0.82689556509299,0.1316165951359084
700,0.5887300252312868,0.9571428571428572,0.8271428571428572,0.13
701,0.5895710681244744,0.9572039942938659,0.8273894436519258,0.12981455064194014
702,0.5904121110176619,0.9572649572649573,0.8262108262108262,0.1310541310541311
703,0.5912531539108494,0.9559032716927454,0.8264580369843528,0.12944523470839253
704,0.592094196804037,0.9559659090909091,0.8267045454545454,0.12926136363636365
705,0.5929352396972245,0.9560283687943263,0.826950354609929,0.12907801418439724
706,0.5937762825904122,0.9560906515580736,0.8271954674220963,0.12889518413597734
707,0.5946173254835997,0.9561527581329562,0.8274398868458275,0.12871287128712872
708,0.5954583683767872,0.9562146892655368,0.826271186440678,0.12994350282485878
709,0.5962994112699748,0.9562764456981664,0.8265162200282088,0.1297602256699576
710,0.5971404541631623,0.956338028169014,0.8253521126760563,0.13098591549295768
711,0.5979814970563498,0.9563994374120957,0.8255977496483825,0.13080168776371315
712,0.5988225399495374,0.9550561797752809,0.8258426966292135,0.1292134831460674
713,0.599663582842725,0.9551192145862553,0.8260869565217391,0.12903225806451613
714,0.6005046257359126,0.9537815126050421,0.8263305322128851,0.12745098039215697
715,0.6013456686291001,0.9538461538461539,0.8265734265734266,0.12727272727272732
716,0.6021867115222876,0.952513966480447,0.8268156424581006,0.12569832402234637
717,0.6030277544154752,0.9525801952580195,0.8270571827057183,0.12552301255230125
718,0.6038687973086627,0.9526462395543176,0.8272980501392758,0.12534818941504178
719,0.6047098402018503,0.952712100139082,0.827538247566064,0.12517385257301805
720,0.6055508830950378,0.9527777777777777,0.8277777777777777,0.125
721,0.6063919259882254,0.9528432732316228,0.8280166435506241,0.12482662968099867
722,0.607232968881413,0.9515235457063712,0.8282548476454293,0.12326869806094187
723,0.6080740117746005,0.9515905947441217,0.8284923928077456,0.1230982019363761
724,0.6089150546677881,0.9516574585635359,0.8273480662983426,0.12430939226519333
725,0.6097560975609756,0.9517241379310345,0.8275862068965517,0.12413793103448278
726,0.6105971404541631,0.9517906336088154,0.8278236914600551,0.12396694214876036
727,0.6114381833473507,0.951856946354883,0.8266850068775791,0.12517193947730398
728,0.6122792262405383,0.9519230769230769,0.8269230769230769,0.125
729,0.6131202691337259,0.9519890260631001,0.8271604938271605,0.1248285322359396
730,0.6139613120269134,0.952054794520548,0.8273972602739726,0.12465753424657533
731,0.6148023549201009,0.9521203830369357,0.8276333789329685,0.12448700410396718
732,0.6156433978132885,0.9508196721311475,0.8278688524590164,0.12295081967213106
733,0.616484440706476,0.9508867667121419,0.8281036834924966,0.12278308321964526
734,0.6173254835996635,0.9495912806539509,0.8283378746594006,0.12125340599455037
735,0.6181665264928511,0.9496598639455782,0.8285714285714286,0.1210884353741496
736,0.6190075693860387,0.9483695652173914,0.8288043478260869,0.11956521739130443
737,0.6198486122792263,0.9470827679782904,0.8290366350067843,0.11804613297150612
738,0.6206896551724138,0.94579945799458,0.8292682926829268,0.1165311653116532
739,0.6215306980656014,0.945872801082544,0.8294993234100135,0.11637347767253048
740,0.6223717409587889,0.9459459459459459,0.8297297297297297,0.11621621621621625
741,0.6232127838519764,0.9460188933873145,0.8299595141700404,0.11605937921727405
742,0.624053826745164,0.9460916442048517,0.8301886792452831,0.11590296495956864
743,0.6248948696383515,0.946164199192463,0.8304172274562585,0.11574697173620452
744,0.6257359125315392,0.946236559139785,0.8306451612903226,0.11559139784946237
745,0.6265769554247267,0.9463087248322147,0.8308724832214766,0.11543624161073818
746,0.6274179983179142,0.9463806970509383,0.8297587131367292,0.11662198391420908
747,0.6282590412111018,0.9464524765729585,0.8299866131191432,0.11646586345381527
748,0.6291000841042893,0.946524064171123,0.8302139037433155,0.11631016042780751
749,0.6299411269974768,0.9465954606141522,0.8304405874499332,0.11615487316421902
750,0.6307821698906644,0.9466666666666667,0.8306666666666667,0.11599999999999999
751,0.631623212783852,0.9467376830892144,0.8308921438082557,0.11584553928095864
752,0.6324642556770396,0.9468085106382979,0.8297872340425532,0.11702127659574468
753,0.6333052985702271,0.9468791500664011,0.8286852589641435,0.11819389110225764
754,0.6341463414634146,0.946949602122016,0.8275862068965517,0.11936339522546424
755,0.6349873843566022,0.9456953642384106,0.8278145695364238,0.11788079470198676
756,0.6358284272497897,0.9457671957671958,0.8267195767195767,0.11904761904761907
757,0.6366694701429773,0.9458388375165125,0.8269484808454426,0.11889035667106995
758,0.6375105130361648,0.945910290237467,0.8271767810026385,0.1187335092348285
759,0.6383515559293524,0.9459815546772069,0.8274044795783926,0.11857707509881432
760,0.63919259882254,0.9447368421052632,0.8276315789473684,0.11710526315789482
761,0.6400336417157275,0.9434954007884363,0.8278580814717477,0.11563731931668864
762,0.6408746846089151,0.9435695538057742,0.8280839895013123,0.11548556430446189
763,0.6417157275021026,0.9436435124508519,0.8269986893840104,0.11664482306684143
764,0.6425567703952901,0.943717277486911,0.8272251308900523,0.11649214659685869
765,0.6433978132884777,0.9424836601307189,0.8274509803921568,0.11503267973856213
766,0.6442388561816653,0.9425587467362925,0.8276762402088773,0.11488250652741516
767,0.6450798990748529,0.9426336375488917,0.8279009126466753,0.11473272490221642
768,0.6459209419680404,0.94140625,0.828125,0.11328125
769,0.6467619848612279,0.9401820546163849,0.8270481144343304,0.11313394018205458
770,0.6476030277544155,0.9402597402597402,0.8272727272727273,0.11298701298701297
771,0.648444070647603,0.9390402075226978,0.8274967574578469,0.11154345006485089
772,0.6492851135407905,0.939119170984456,0.8264248704663213,0.11269430051813467
773,0.6501261564339781,0.9391979301423027,0.8253557567917206,0.11384217335058211
774,0.6509671993271657,0.9392764857881137,0.8255813953488372,0.1136950904392765
775,0.6518082422203533,0.9393548387096774,0.8258064516129032,0.11354838709677417
776,0.6526492851135408,0.9394329896907216,0.8260309278350515,0.11340206185567014
777,0.6534903280067283,0.9382239382239382,0.8262548262548263,0.11196911196911197
778,0.6543313708999159,0.9383033419023136,0.8264781491002571,0.1118251928020565
779,0.6551724137931034,0.938382541720154,0.8267008985879333,0.11168164313222073
780,0.656013456686291,0.9384615384615385,0.8256410256410256,0.11282051282051286
781,0.6568544995794785,0.93854033290653,0.8245838668373879,0.11395646606914211
782,0.6576955424726662,0.9386189258312021,0.8248081841432225,0.11381074168797956
783,0.6585365853658537,0.9386973180076629,0.8250319284802043,0.11366538952745853
784,0.6593776282590412,0.9375,0.8252551020408163,0.11224489795918369
785,0.6602186711522288,0.9375796178343949,0.8254777070063695,0.11210191082802545
786,0.6610597140454163,0.9376590330788804,0.8256997455470738,0.11195928753180662
787,0.6619007569386038,0.9364675984752223,0.8259212198221093,0.11054637865311301
788,0.6627417998317914,0.9352791878172588,0.8261421319796954,0.10913705583756339
789,0.663582842724979,0.9340937896070975,0.826362484157161,0.10773130544993659
790,0.6644238856181666,0.9341772151898734,0.8265822784810126,0.10759493670886078
791,0.6652649285113541,0.9329962073324906,0.8268015170670038,0.10619469026548678
792,0.6661059714045416,0.9318181818181818,0.827020202020202,0.10479797979797978
793,0.6669470142977292,0.9319041614123581,0.8259773013871374,0.10592686002522067
794,0.6677880571909167,0.9319899244332494,0.8261964735516373,0.10579345088161207
795,0.6686291000841043,0.9320754716981132,0.8251572327044026,0.10691823899371067
796,0.6694701429772918,0.9321608040201005,0.8253768844221105,0.10678391959798994
797,0.6703111858704794,0.93099121706399,0.8255959849435383,0.10539523212045177
798,0.671152228763667,0.931077694235589,0.8258145363408521,0.10526315789473684
799,0.6719932716568545,0.9311639549436797,0.8247809762202754,0.1063829787234043
800,0.6728343145500421,0.93,0.82375,0.10625000000000007
801,0.6736753574432296,0.9300873907615481,0.8227215980024969,0.10736579275905123
802,0.6745164003364171,0.9301745635910225,0.8216957605985037,0.10847880299251877
803,0.6753574432296047,0.9302615193026152,0.821917808219178,0.10834371108343721
804,0.6761984861227922,0.9303482587064676,0.8208955223880597,0.1094527363184079
805,0.6770395290159799,0.9304347826086956,0.8211180124223603,0.10931677018633534
806,0.6778805719091674,0.9305210918114144,0.8200992555831266,0.11042183622828783
807,0.6787216148023549,0.929368029739777,0.8203221809169765,0.10904584882280044
808,0.6795626576955425,0.9294554455445545,0.8205445544554455,0.10891089108910901
809,0.68040370058873,0.9295426452410384,0.8207663782447466,0.10877626699629173
810,0.6812447434819175,0.9296296296296296,0.8209876543209876,0.10864197530864195
811,0.6820857863751051,0.9297163995067818,0.8212083847102343,0.10850801479654748
812,0.6829268292682927,0.9298029556650246,0.8214285714285714,0.10837438423645318
813,0.6837678721614803,0.9298892988929889,0.8204182041820418,0.10947109471094707
814,0.6846089150546678,0.9299754299754299,0.8194103194103194,0.11056511056511054
815,0.6854499579478553,0.9288343558282208,0.8196319018404908,0.10920245398772999
816,0.6862910008410429,0.928921568627451,0.8198529411764706,0.10906862745098045
817,0.6871320437342304,0.9290085679314566,0.8200734394124847,0.10893512851897191
818,0.687973086627418,0.9290953545232273,0.8202933985330073,0.10880195599022002
819,0.6888141295206055,0.9291819291819292,0.8205128205128205,0.10866910866910873
820,0.6896551724137931,0.9280487804878049,0.8207317073170731,0.1073170731707318
821,0.6904962153069807,0.928136419001218,0.8209500609013398,0.1071863580998782
822,0.6913372582001682,0.9282238442822385,0.8211678832116789,0.10705596107055959
823,0.6921783010933558,0.928311057108141,0.8213851761846902,0.10692588092345079
824,0.6930193439865433,0.9283980582524272,0.8216019417475728,0.10679611650485432
825,0.6938603868797308,0.9284848484848485,0.8206060606060606,0.10787878787878791
826,0.6947014297729184,0.9285714285714286,0.8196125907990315,0.10895883777239712
827,0.695542472666106,0.9286577992744861,0.8186215235792019,0.11003627569528418
828,0.6963835155592936,0.927536231884058,0.8188405797101449,0.10869565217391308
829,0.6972245584524811,0.9264173703256936,0.8178528347406514,0.1085645355850422
830,0.6980656013456686,0.9265060240963855,0.8180722891566266,0.10843373493975894
831,0.6989066442388562,0.9265944645006017,0.8182912154031288,0.10830324909747291
832,0.6997476871320437,0.9254807692307693,0.8185096153846154,0.10697115384615385
833,0.7005887300252313,0.9255702280912365,0.8187274909963985,0.10684273709483794
834,0.7014297729184188,0.9244604316546763,0.8189448441247003,0.10551558752997603
835,0.7022708158116064,0.9245508982035928,0.8191616766467066,0.10538922155688624
836,0.703111858704794,0.9246411483253588,0.8181818181818182,0.10645933014354059
837,0.7039529015979815,0.9247311827956989,0.8183990442054958,0.10633213859020307
838,0.704793944491169,0.9236276849642004,0.8186157517899761,0.1050119331742243
839,0.7056349873843566,0.9225268176400476,0.8176400476758046,0.10488676996424307
840,0.7064760302775441,0.9226190476190477,0.8178571428571428,0.10476190476190483
841,0.7073170731707317,0.9227110582639715,0.8180737217598097,0.10463733650416174
842,0.7081581160639192,0.9228028503562945,0.8182897862232779,0.10451306413301664
843,0.7089991589571069,0.9217081850533808,0.8173190984578885,0.10438908659549229
844,0.7098402018502944,0.9218009478672986,0.816350710900474,0.10545023696682465
845,0.7106812447434819,0.9207100591715977,0.8165680473372781,0.10414201183431959
846,0.7115222876366695,0.9208037825059102,0.8167848699763594,0.10401891252955087
847,0.712363330529857,0.9197166469893743,0.8158205430932703,0.10389610389610393
848,0.7132043734230445,0.9198113207547169,0.8160377358490566,0.10377358490566035
849,0.7140454163162321,0.9187279151943463,0.8162544169611308,0.1024734982332155
850,0.7148864592094197,0.9176470588235294,0.8164705882352942,0.1011764705882352
851,0.7157275021026073,0.917743830787309,0.8166862514688602,0.10105757931844883
852,0.7165685449957948,0.9166666666666666,0.8157276995305164,0.10093896713615025
853,0.7174095878889823,0.9167643610785463,0.8159437280187574,0.10082063305978894
854,0.7182506307821699,0.9168618266978923,0.8149882903981265,0.10187353629976581
855,0.7190916736753574,0.9157894736842105,0.8152046783625732,0.10058479532163733
856,0.719932716568545,0.9158878504672897,0.8154205607476636,0.10046728971962615
857,0.7207737594617325,0.9148191365227538,0.8144690781796966,0.10035005834305721
858,0.7216148023549201,0.914918414918415,0.8135198135198135,0.10139860139860146
859,0.7224558452481077,0.9138533178114087,0.8137369033760187,0.10011641443538999
860,0.7232968881412952,0.913953488372093,0.813953488372093,0.09999999999999998
861,0.7241379310344828,0.9128919860627178,0.8141695702671312,0.0987224157955866
862,0.7249789739276703,0.9118329466357309,0.8132250580046404,0.09860788863109049
863,0.7258200168208578,0.9119351100811124,0.8122827346465817,0.09965237543453065
864,0.7266610597140454,0.9120370370370371,0.8125,0.09953703703703709
865,0.7275021026072329,0.9121387283236995,0.8127167630057803,0.09942196531791914
866,0.7283431455004206,0.9110854503464203,0.812933025404157,0.09815242494226328
867,0.7291841883936081,0.9111880046136102,0.81199538638985,0.09919261822376013
868,0.7300252312867956,0.9101382488479263,0.8110599078341014,0.09907834101382484
869,0.7308662741799832,0.9102416570771001,0.8112773302646721,0.09896432681242806
870,0.7317073170731707,0.9091954022988505,0.8114942528735632,0.09770114942528729
871,0.7325483599663583,0.9092996555683123,0.8105625717566016,0.09873708381171065
872,0.7333894028595458,0.9094036697247706,0.8107798165137615,0.09862385321100908
873,0.7342304457527334,0.9095074455899198,0.8098510882016037,0.09965635738831613
874,0.735071488645921,0.9084668192219679,0.8089244851258581,0.0995423340961098
875,0.7359125315391085,0.9074285714285715,0.808,0.09942857142857142
876,0.736753574432296,0.9075342465753424,0.8070776255707762,0.1004566210045662
877,0.7375946173254836,0.9064994298745724,0.8072976054732041,0.09920182440136838
878,0.7384356602186711,0.9066059225512528,0.8075170842824602,0.09908883826879267
879,0.7392767031118587,0.906712172923777,0.8065984072810012,0.10011376564277585
880,0.7401177460050462,0.9056818181818181,0.8068181818181818,0.09886363636363638
881,0.7409587888982339,0.905788876276958,0.8059023836549376,0.09988649262202043
882,0.7417998317914214,0.9058956916099773,0.8049886621315193,0.10090702947845798
883,0.7426408746846089,0.9048697621744054,0.8052095130237825,0.09966024915062288
884,0.7434819175777965,0.9038461538461539,0.8054298642533937,0.09841628959276016
885,0.744322960470984,0.903954802259887,0.8056497175141243,0.09830508474576272
886,0.7451640033641715,0.9040632054176072,0.8058690744920993,0.09819413092550788
887,0.7460050462573591,0.9041713641488163,0.8060879368658399,0.09808342728297637
888,0.7468460891505467,0.9031531531531531,0.8063063063063063,0.09684684684684686
889,0.7476871320437343,0.9021372328458943,0.8053993250843644,0.0967379077615299
890,0.7485281749369218,0.902247191011236,0.8056179775280898,0.09662921348314613
891,0.7493692178301093,0.9012345679012346,0.8058361391694725,0.09539842873176207
892,0.7502102607232969,0.9013452914798207,0.804932735426009,0.09641255605381172
893,0.7510513036164844,0.9003359462486002,0.8051511758118701,0.09518477043673013
894,0.751892346509672,0.9004474272930649,0.8053691275167785,0.09507829977628646
895,0.7527333894028595,0.9005586592178771,0.8055865921787709,0.09497206703910621
896,0.7535744322960471,0.8995535714285714,0.8046875,0.0948660714285714
897,0.7544154751892347,0.8996655518394648,0.8049052396878483,0.09476031215161651
898,0.7552565180824222,0.8997772828507795,0.8040089086859689,0.09576837416481065
899,0.7560975609756098,0.899888765294772,0.8042269187986651,0.09566184649610687
900,0.7569386038687973,0.9,0.8033333333333333,0.09666666666666668
901,0.7577796467619848,0.9001109877913429,0.802441731409545,0.09766925638179791
902,0.7586206896551724,0.9002217294900222,0.802660753880266,0.09756097560975618
903,0.7594617325483599,0.9003322259136213,0.8028792912513842,0.09745293466223703
904,0.7603027754415476,0.8993362831858407,0.8030973451327433,0.09623893805309736
905,0.7611438183347351,0.8983425414364641,0.8033149171270718,0.09502762430939227
906,0.7619848612279226,0.8984547461368654,0.8024282560706402,0.09602649006622521
907,0.7628259041211102,0.8974641675854466,0.8015435501653804,0.09592061742006619
908,0.7636669470142977,0.8964757709251101,0.8006607929515418,0.0958149779735683
909,0.7645079899074853,0.8965896589658966,0.7997799779977998,0.09680968096809683
910,0.7653490328006728,0.8967032967032967,0.798901098901099,0.09780219780219779
911,0.7661900756938604,0.8968166849615807,0.7991218441273326,0.09769484083424818
912,0.767031118587048,0.8958333333333334,0.7982456140350878,0.09758771929824561
913,0.7678721614802355,0.895947426067908,0.7973713033953997,0.09857612267250826
914,0.768713204373423,0.8960612691466083,0.7964989059080962,0.09956236323851209
915,0.7695542472666106,0.8961748633879781,0.7967213114754098,0.09945355191256833
916,0.7703952901597981,0.8951965065502183,0.7969432314410481,0.09825327510917026
917,0.7712363330529857,0.8953107960741549,0.797164667393675,0.0981461286804799
918,0.7720773759461732,0.8954248366013072,0.7973856209150327,0.0980392156862745
919,0.7729184188393609,0.8955386289445049,0.7965179542981502,0.09902067464635467
920,0.7737594617325484,0.8956521739130435,0.7956521739130434,0.10000000000000009
921,0.7746005046257359,0.8957654723127035,0.7947882736156352,0.10097719869706834
922,0.7754415475189235,0.89587852494577,0.7950108459869848,0.10086767895878523
923,0.776282590412111,0.894907908992416,0.7952329360780065,0.09967497291440952
924,0.7771236333052985,0.895021645021645,0.7943722943722944,0.10064935064935066
925,0.7779646761984861,0.894054054054054,0.7935135135135135,0.10054054054054051
926,0.7788057190916736,0.8941684665226782,0.7937365010799136,0.10043196544276467
927,0.7796467619848613,0.8932038834951457,0.7939590075512406,0.09924487594390508
928,0.7804878048780488,0.8933189655172413,0.7931034482758621,0.10021551724137923
929,0.7813288477712363,0.8934337997847147,0.7933261571582346,0.10010764262648009
930,0.7821698906644239,0.8935483870967742,0.7935483870967742,0.09999999999999998
931,0.7830109335576114,0.8925886143931256,0.7937701396348013,0.09881847475832439
932,0.783851976450799,0.8916309012875536,0.7939914163090128,0.0976394849785408
933,0.7846930193439865,0.8906752411575563,0.7942122186495176,0.09646302250803862
934,0.7855340622371741,0.8897216274089935,0.7944325481798715,0.095289079229122
935,0.7863751051303617,0.8887700534759359,0.7946524064171123,0.09411764705882353
936,0.7872161480235492,0.8888888888888888,0.7948717948717948,0.09401709401709402
937,0.7880571909167368,0.8890074706510138,0.7950907150480256,0.09391675560298818
938,0.7888982338099243,0.8891257995735607,0.7942430703624733,0.09488272921108742
939,0.7897392767031118,0.8892438764643238,0.7944621938232161,0.09478168264110765
940,0.7905803195962994,0.8893617021276595,0.7936170212765957,0.0957446808510638
941,0.7914213624894869,0.8884165781083954,0.793836344314559,0.0945802337938364
942,0.7922624053826746,0.8885350318471338,0.7929936305732485,0.09554140127388533
943,0.7931034482758621,0.8886532343584306,0.7932131495227995,0.09544008483563104
944,0.7939444911690496,0.888771186440678,0.7934322033898306,0.09533898305084743
945,0.7947855340622372,0.8888888888888888,0.7936507936507936,0.09523809523809523
946,0.7956265769554247,0.8890063424947146,0.7938689217758985,0.09513742071881603
947,0.7964676198486123,0.8880675818373812,0.7930306230200633,0.09503695881731788
948,0.7973086627417998,0.8881856540084389,0.7932489451476793,0.09493670886075956
949,0.7981497056349874,0.8883034773445733,0.7934668071654373,0.094836670179136
950,0.798990748528175,0.888421052631579,0.7936842105263158,0.09473684210526323
951,0.7998317914213625,0.8885383806519453,0.7939011566771819,0.09463722397476348
952,0.80067283431455,0.8886554621848739,0.7930672268907563,0.09558823529411764
953,0.8015138772077376,0.8887722980062959,0.7932843651626443,0.09548793284365154
954,0.8023549201009251,0.8878406708595388,0.7924528301886793,0.09538784067085948
955,0.8031959629941127,0.8869109947643979,0.7926701570680629,0.09424083769633507
956,0.8040370058873002,0.8870292887029289,0.7918410041841004,0.09518828451882844
957,0.8048780487804879,0.8861024033437827,0.7920585161964472,0.09404388714733547
958,0.8057190916736754,0.8851774530271399,0.791231732776618,0.09394572025052195
959,0.8065601345668629,0.8852971845672576,0.7914494264859229,0.09384775808133472
960,0.8074011774600505,0.884375,0.7916666666666666,0.09270833333333339
961,0.808242220353238,0.8844953173777316,0.7918834547346514,0.09261186264308019
962,0.8090832632464255,0.8846153846153846,0.7920997920997921,0.09251559251559249
963,0.8099243061396131,0.8847352024922118,0.7923156801661475,0.09241952232606432
964,0.8107653490328006,0.8848547717842323,0.7914937759336099,0.09336099585062241
965,0.8116063919259883,0.8849740932642487,0.7906735751295336,0.09430051813471507
966,0.8124474348191758,0.8850931677018633,0.7908902691511387,0.09420289855072461
967,0.8132884777123633,0.8852119958634953,0.7911065149948294,0.09410548086866588
968,0.8141295206055509,0.8853305785123967,0.7913223140495868,0.09400826446280997
969,0.8149705634987384,0.8854489164086687,0.7915376676986584,0.09391124871001033
970,0.815811606391926,0.8855670103092783,0.7917525773195876,0.09381443298969072
971,0.8166526492851135,0.8856848609680742,0.7909371781668383,0.09474768280123591
972,0.8174936921783011,0.8847736625514403,0.7901234567901234,0.09465020576131689
973,0.8183347350714887,0.8848920863309353,0.789311408016444,0.09558067831449135
974,0.8191757779646762,0.8839835728952772,0.7895277207392197,0.09445585215605745
975,0.8200168208578638,0.8830769230769231,0.7897435897435897,0.09333333333333338
976,0.8208578637510513,0.8831967213114754,0.7899590163934426,0.09323770491803285
977,0.8216989066442388,0.8833162743091095,0.7901740020470829,0.09314227226202665
978,0.8225399495374264,0.8834355828220859,0.7893660531697342,0.09406952965235171
979,0.8233809924306139,0.8835546475995915,0.7895812053115424,0.09397344228804905
980,0.8242220353238016,0.8826530612244898,0.7887755102040817,0.09387755102040818
981,0.8250630782169891,0.8827726809378186,0.7879714576962283,0.09480122324159024
982,0.8259041211101766,0.8828920570264766,0.7881873727087576,0.09470468431771895
983,0.8267451640033642,0.8830111902339777,0.7884028484231943,0.09460834181078337
984,0.8275862068965517,0.883130081300813,0.7886178861788617,0.0945121951219513
985,0.8284272497897393,0.8822335025380711,0.7888324873096447,0.09340101522842637
986,0.8292682926829268,0.8813387423935092,0.7890466531440162,0.09229208924949295
987,0.8301093355761143,0.8814589665653495,0.7892603850050659,0.0921985815602836
988,0.830950378469302,0.881578947368421,0.7884615384615384,0.09311740890688258
989,0.8317914213624895,0.8816986855409504,0.788675429726997,0.09302325581395343
990,0.832632464255677,0.8818181818181818,0.7878787878787878,0.09393939393939399
991,0.8334735071488646,0.8819374369323916,0.7880928355196771,0.09384460141271445
992,0.8343145500420521,0.8810483870967742,0.7872983870967742,0.09375
993,0.8351555929352397,0.8811681772406847,0.7875125881168177,0.09365558912386707
994,0.8359966358284272,0.8802816901408451,0.7877263581488934,0.09255533199195176
995,0.8368376787216149,0.8804020100502512,0.7879396984924623,0.09246231155778895
996,0.8376787216148024,0.8795180722891566,0.7881526104417671,0.09136546184738947
997,0.8385197645079899,0.8786359077231695,0.7883650952858575,0.09027081243731194
998,0.8393608074011775,0.8787575150300602,0.7885771543086172,0.09018036072144298
999,0.840201850294365,0.8778778778778779,0.7887887887887888,0.08908908908908908
1000,0.8410428931875525,0.878,0.789,0.08899999999999997
1001,0.8418839360807401,0.8781218781218781,0.7892107892107892,0.0889110889110889
1002,0.8427249789739276,0.8782435129740519,0.7884231536926147,0.08982035928143717
1003,0.8435660218671153,0.8783649052841476,0.7886340977068793,0.08973080757726826
1004,0.8444070647603028,0.8774900398406374,0.7888446215139442,0.08864541832669326
1005,0.8452481076534903,0.8766169154228856,0.7880597014925373,0.08855721393034821
1006,0.8460891505466779,0.8757455268389662,0.7882703777335984,0.0874751491053678
1007,0.8469301934398654,0.874875868917577,0.788480635551142,0.08639523336643495
1008,0.847771236333053,0.875,0.7886904761904762,0.08630952380952384
1009,0.8486122792262405,0.8751238850346879,0.7888999008919723,0.08622398414271559
1010,0.8494533221194281,0.8752475247524752,0.7891089108910891,0.0861386138613861
1011,0.8502943650126157,0.874381800197824,0.7893175074183977,0.08506429277942629
1012,0.8511354079058032,0.8745059288537549,0.7895256916996047,0.08498023715415015
1013,0.8519764507989908,0.8746298124383021,0.7897334649555775,0.08489634748272457
1014,0.8528174936921783,0.873767258382643,0.7899408284023669,0.08382642998027612
1015,0.8536585365853658,0.8729064039408867,0.7901477832512315,0.08275862068965523
1016,0.8544995794785534,0.8730314960629921,0.7903543307086615,0.08267716535433067
1017,0.8553406223717409,0.8731563421828908,0.7905604719764012,0.08259587020648962
1018,0.8561816652649286,0.8732809430255403,0.7907662082514735,0.08251473477406679
1019,0.8570227081581161,0.872423945044161,0.7909715407262021,0.08145240431795886
1020,0.8578637510513036,0.8715686274509804,0.7911764705882353,0.08039215686274515
1021,0.8587047939444912,0.8707149853085211,0.791380999020568,0.07933398628795307
1022,0.8595458368376787,0.8708414872798435,0.7915851272015656,0.07925636007827785
1023,0.8603868797308662,0.8699902248289345,0.7917888563049853,0.07820136852394921
1024,0.8612279226240538,0.869140625,0.791015625,0.078125
1025,0.8620689655172413,0.8692682926829268,0.7902439024390244,0.0790243902439024
1026,0.862910008410429,0.868421052631579,0.7904483430799221,0.07797270955165692
1027,0.8637510513036165,0.8685491723466408,0.7896786757546251,0.07887049659201562
1028,0.864592094196804,0.8686770428015564,0.7898832684824902,0.0787937743190662
1029,0.8654331370899916,0.8688046647230321,0.7900874635568513,0.07871720116618075
1030,0.8662741799831791,0.8689320388349514,0.7902912621359224,0.07864077669902902
1031,0.8671152228763667,0.8690591658583899,0.7904946653734238,0.0785645004849661
1032,0.8679562657695542,0.8691860465116279,0.7906976744186046,0.07848837209302328
1033,0.8687973086627419,0.8683446272991288,0.7909002904162633,0.07744433688286545
1034,0.8696383515559294,0.8684719535783365,0.7911025145067698,0.07736943907156668
1035,0.8704793944491169,0.8685990338164251,0.7913043478260869,0.07729468599033817
1036,0.8713204373423045,0.8687258687258688,0.7915057915057915,0.07722007722007729
1037,0.872161480235492,0.8678881388621023,0.7907425265188043,0.07714561234329798
1038,0.8730025231286795,0.8680154142581888,0.7909441233140655,0.07707129094412335
1039,0.8738435660218671,0.8671799807507219,0.7911453320500481,0.07603464870067378
1040,0.8746846089150546,0.8673076923076923,0.7913461538461538,0.07596153846153852
1041,0.8755256518082423,0.866474543707973,0.7915465898174832,0.0749279538904899
1042,0.8763666947014298,0.8656429942418427,0.791746641074856,0.07389635316698662
1043,0.8772077375946173,0.8648130393096836,0.7909875359539789,0.0738255033557047
1044,0.8780487804878049,0.8649425287356322,0.7911877394636015,0.07375478927203061
1045,0.8788898233809924,0.8641148325358852,0.7913875598086124,0.07272727272727275
1046,0.87973086627418,0.8632887189292543,0.7906309751434034,0.07265774378585088
1047,0.8805719091673675,0.8624641833810889,0.789875835721108,0.0725883476599809
1048,0.8814129520605551,0.8616412213740458,0.7900763358778626,0.07156488549618312
1049,0.8822539949537427,0.8608198284080076,0.7902764537654909,0.0705433746425167
1050,0.8830950378469302,0.8609523809523809,0.7904761904761904,0.07047619047619047
1051,0.8839360807401178,0.8601332064700286,0.7897240723120837,0.07040913415794481
1052,0.8847771236333053,0.8602661596958175,0.7899239543726235,0.07034220532319402
1053,0.8856181665264928,0.8594491927825261,0.7901234567901234,0.06932573599240266
1054,0.8864592094196804,0.8595825426944972,0.7903225806451613,0.06925996204933593
1055,0.8873002523128679,0.8597156398104265,0.790521327014218,0.06919431279620858
1056,0.8881412952060556,0.8598484848484849,0.7897727272727273,0.07007575757575757
1057,0.8889823380992431,0.8599810785241249,0.7890255439924314,0.07095553453169345
1058,0.8898233809924306,0.8591682419659735,0.7882797731568998,0.07088846880907373
1059,0.8906644238856182,0.8593012275731823,0.7884796978281398,0.07082152974504252
1060,0.8915054667788057,0.8594339622641509,0.7886792452830189,0.070754716981132
1061,0.8923465096719932,0.8595664467483506,0.7888784165881244,0.07068803016022618
1062,0.8931875525651808,0.85969868173258,0.788135593220339,0.07156308851224102
1063,0.8940285954583683,0.8588899341486359,0.7873941674506115,0.07149576669802438
1064,0.894869638351556,0.8580827067669173,0.7875939849624061,0.07048872180451127
1065,0.8957106812447435,0.8582159624413146,0.787793427230047,0.07042253521126762
1066,0.896551724137931,0.8574108818011257,0.7879924953095685,0.06941838649155718
1067,0.8973927670311186,0.8566073102155577,0.788191190253046,0.06841611996251173
1068,0.8982338099243061,0.8567415730337079,0.7883895131086143,0.06835205992509363
1069,0.8990748528174937,0.8568755846585594,0.7885874649204865,0.06828811973807292
1070,0.8999158957106812,0.8570093457943925,0.788785046728972,0.06822429906542049
1071,0.9007569386038689,0.8571428571428571,0.7880485527544351,0.06909430438842201
1072,0.9015979814970564,0.8572761194029851,0.7873134328358209,0.0699626865671642
1073,0.9024390243902439,0.8574091332712023,0.7865796831314072,0.07082945013979502
1074,0.9032800672834315,0.8566108007448789,0.7858472998137802,0.07076350093109873
1075,0.904121110176619,0.8558139534883721,0.786046511627907,0.06976744186046513
1076,0.9049621530698065,0.8559479553903345,0.7853159851301115,0.07063197026022305
1077,0.9058031959629941,0.8551532033426184,0.7855153203342619,0.0696378830083565
1078,0.9066442388561816,0.8543599257884972,0.7857142857142857,0.06864564007421148
1079,0.9074852817493693,0.8544949026876738,0.7859128822984245,0.06858202038924932
1080,0.9083263246425568,0.8546296296296296,0.7861111111111111,0.06851851851851853
1081,0.9091673675357443,0.8547641073080481,0.7853839037927844,0.06938020351526364
1082,0.9100084104289319,0.8539741219963032,0.7855822550831792,0.06839186691312393
1083,0.9108494533221194,0.8541089566020313,0.7857802400738689,0.06832871652816241
1084,0.911690496215307,0.8542435424354243,0.7850553505535055,0.06918819188191883
1085,0.9125315391084945,0.8534562211981567,0.784331797235023,0.06912442396313367
1086,0.913372582001682,0.852670349907919,0.7845303867403315,0.06813996316758753
1087,0.9142136248948697,0.8528058877644894,0.7838086476540939,0.06899724011039554
1088,0.9150546677880572,0.8529411764705882,0.7840073529411765,0.06893382352941169
1089,0.9158957106812448,0.8530762167125804,0.7842056932966024,0.06887052341597799
1090,0.9167367535744323,0.8532110091743119,0.7844036697247706,0.06880733944954132
1091,0.9175777964676198,0.8533455545371219,0.7836846929422548,0.06966086159486706
1092,0.9184188393608074,0.8525641025641025,0.782967032967033,0.06959706959706957
1093,0.9192598822539949,0.8526989935956084,0.7831655992680695,0.06953339432753891
1094,0.9201009251471826,0.8519195612431444,0.783363802559415,0.06855575868372943
1095,0.9209419680403701,0.8511415525114155,0.7835616438356164,0.0675799086757991
1096,0.9217830109335576,0.8503649635036497,0.7837591240875912,0.06660583941605847
1097,0.9226240538267452,0.8505013673655424,0.7830446672743847,0.06745670009115767
1098,0.9234650967199327,0.8497267759562842,0.7832422586520947,0.06648451730418947
1099,0.9243061396131202,0.8498635122838945,0.7834394904458599,0.06642402183803453
1100,0.9251471825063078,0.8490909090909091,0.7827272727272727,0.0663636363636364
1101,0.9259882253994953,0.8483197093551317,0.7829246139872843,0.06539509536784738
1102,0.926829268292683,0.8484573502722323,0.7822141560798548,0.06624319419237756
1103,0.9276703111858705,0.8476881233000907,0.7824116047144152,0.06527651858567551
1104,0.928511354079058,0.8469202898550725,0.7817028985507246,0.0652173913043479
1105,0.9293523969722456,0.8470588235294118,0.7809954751131222,0.06606334841628958
1106,0.9301934398654331,0.8471971066907775,0.7802893309222423,0.06690777576853524
1107,0.9310344827586207,0.8464317976513098,0.7795844625112918,0.06684733514001806
1108,0.9318755256518082,0.8456678700361011,0.779783393501805,0.06588447653429608
1109,0.9327165685449958,0.8449053201082056,0.7799819657348963,0.06492335437330932
1110,0.9335576114381834,0.8450450450450451,0.7792792792792793,0.06576576576576576
1111,0.9343986543313709,0.8451845184518452,0.7785778577857786,0.06660666066606657
1112,0.9352396972245585,0.8453237410071942,0.7787769784172662,0.06654676258992798
1113,0.936080740117746,0.8454627133872417,0.7789757412398922,0.06648697214734944
1114,0.9369217830109335,0.8456014362657092,0.7791741472172352,0.06642728904847395
1115,0.9377628259041211,0.8457399103139014,0.7793721973094171,0.0663677130044843
1116,0.9386038687973086,0.8458781362007168,0.7795698924731183,0.06630824372759858
1117,0.9394449116904963,0.8460161145926589,0.7797672336615935,0.0662488809310654
1118,0.9402859545836838,0.8452593917710197,0.7790697674418605,0.0661896243291592
1119,0.9411269974768713,0.8453976764968723,0.7792672028596962,0.06613047363717606
1120,0.9419680403700589,0.8455357142857143,0.7785714285714286,0.0669642857142857
1121,0.9428090832632464,0.8456735057983943,0.7778768956289027,0.06779661016949157
1122,0.943650126156434,0.8458110516934046,0.7780748663101604,0.06773618538324422
1123,0.9444911690496215,0.8450578806767587,0.7773820124666073,0.06767586821015137
1124,0.945332211942809,0.844306049822064,0.7775800711743772,0.06672597864768681
1125,0.9461732548359967,0.8444444444444444,0.7777777777777778,0.06666666666666665
1126,0.9470142977291842,0.844582593250444,0.7779751332149201,0.06660746003552398
1127,0.9478553406223718,0.8438331854480923,0.7781721384205856,0.06566104702750664
1128,0.9486963835155593,0.8439716312056738,0.7774822695035462,0.0664893617021276
1129,0.9495374264087468,0.8441098317094774,0.7767936226749336,0.06731620903454383
1130,0.9503784693019344,0.8442477876106195,0.7761061946902655,0.06814159292035393
1131,0.9512195121951219,0.8443854995579133,0.7754199823165341,0.06896551724137923
1132,0.9520605550883096,0.8436395759717314,0.7747349823321554,0.06890459363957602
1133,0.9529015979814971,0.8428949691085613,0.7740511915269197,0.06884377758164162
1134,0.9537426408746846,0.8421516754850088,0.7733686067019401,0.06878306878306872
1135,0.9545836837678722,0.8422907488986784,0.7726872246696035,0.0696035242290749
1136,0.9554247266610597,0.8424295774647887,0.7720070422535211,0.07042253521126762
1137,0.9562657695542472,0.8425681618293756,0.772207563764292,0.07036059806508355
1138,0.9571068124474348,0.8427065026362038,0.7715289982425307,0.0711775043936731
1139,0.9579478553406223,0.8419666374012291,0.771729587357331,0.07023705004389813
1140,0.95878889823381,0.8412280701754385,0.7719298245614035,0.06929824561403508
1141,0.9596299411269975,0.8404907975460123,0.7712532865907099,0.0692375109553024
1142,0.960470984020185,0.840630472854641,0.7714535901926445,0.06917688266199651
1143,0.9613120269133726,0.8407699037620298,0.7716535433070866,0.06911636045494318
1144,0.9621530698065601,0.8409090909090909,0.7709790209790209,0.06993006993007
1145,0.9629941126997477,0.840174672489083,0.77117903930131,0.06899563318777291
1146,0.9638351555929352,0.8394415357766143,0.7713787085514834,0.0680628272251309
1147,0.9646761984861227,0.8395815170008718,0.7715780296425457,0.06800348735832606
1148,0.9655172413793104,0.8388501742160279,0.7717770034843205,0.06707317073170738
1149,0.9663582842724979,0.8381201044386423,0.7711053089643168,0.06701479547432543
1150,0.9671993271656855,0.837391304347826,0.7713043478260869,0.06608695652173913
1151,0.968040370058873,0.8366637706342311,0.7706342311033884,0.06602953953084278
1152,0.9688814129520605,0.8368055555555556,0.7699652777777778,0.06684027777777779
1153,0.9697224558452481,0.836947094535993,0.769297484822203,0.06764960971379008
1154,0.9705634987384356,0.8370883882149047,0.7686308492201039,0.06845753899480078
1155,0.9714045416316233,0.8363636363636363,0.767965367965368,0.06839826839826835
1156,0.9722455845248108,0.8365051903114187,0.7673010380622838,0.0692041522491349
1157,0.9730866274179983,0.8366464995678479,0.7675021607605877,0.06914433880726012
1158,0.9739276703111859,0.8367875647668394,0.7677029360967185,0.06908462867012088
1159,0.9747687132043734,0.8369283865401208,0.7679033649698016,0.0690250215703192
1160,0.975609756097561,0.8362068965517241,0.7672413793103449,0.06896551724137923
1161,0.9764507989907485,0.8354866494401378,0.7665805340223945,0.06890611541774339
1162,0.977291841883936,0.8356282271944923,0.7667814113597247,0.0688468158347676
1163,0.9781328847771237,0.8357695614789338,0.766122098022356,0.0696474634565778
1164,0.9789739276703112,0.8350515463917526,0.7663230240549829,0.06872852233676974
1165,0.9798149705634988,0.8351931330472103,0.7665236051502146,0.06866952789699576
1166,0.9806560134566863,0.8353344768439108,0.7658662092624356,0.06946826758147517
1167,0.9814970563498738,0.8354755784061697,0.7652099400171379,0.07026563838903177
1168,0.9823380992430614,0.8356164383561644,0.764554794520548,0.07106164383561642
1169,0.9831791421362489,0.8357570573139436,0.7639007698887939,0.07185628742514971
1170,0.9840201850294366,0.8358974358974359,0.7632478632478632,0.07264957264957272
1171,0.9848612279226241,0.8351836037574722,0.7634500426985482,0.07173356105892403
1172,0.9857022708158116,0.8353242320819113,0.7636518771331058,0.07167235494880553
1173,0.9865433137089992,0.83461210571185,0.763000852514919,0.07161125319693096
1174,0.9873843566021867,0.8347529812606473,0.7632027257240205,0.07155025553662686
1175,0.9882253994953742,0.8340425531914893,0.7634042553191489,0.07063829787234044
1176,0.9890664423885618,0.8341836734693877,0.7636054421768708,0.07057823129251695
1177,0.9899074852817493,0.8343245539507221,0.7638062871707731,0.07051826677994899
1178,0.990748528174937,0.833616298811545,0.7631578947368421,0.07045840407470283
1179,0.9915895710681245,0.8329092451229856,0.7633587786259542,0.06955046649703134
1180,0.992430613961312,0.8330508474576271,0.7627118644067796,0.07033898305084751
1181,0.9932716568544996,0.8331922099915327,0.7629127857747672,0.07027942421676547
1182,0.9941126997476871,0.8333333333333334,0.7622673434856176,0.07106598984771573
1183,0.9949537426408747,0.8326289095519864,0.7624683009298394,0.07016060862214701
1184,0.9957947855340622,0.8319256756756757,0.762668918918919,0.06925675675675669
1185,0.9966358284272497,0.8312236286919831,0.7620253164556962,0.06919831223628692
1186,0.9974768713204374,0.8305227655986509,0.7613827993254637,0.06913996627318719
1187,0.9983179142136249,0.8298230834035384,0.7615838247683235,0.06823925863521485
1188,0.9991589571068125,0.82996632996633,0.7617845117845118,0.06818181818181823
1189,1.0,0.8292682926829268,0.7611438183347351,0.06812447434819169
